recipe_id,version_id,composition_status,ingredient_count,occurrence_count,source_kcal,calculated_kcal,rounded_match_to_source,servings,servings_source,instructions_status,editable_ingredient_composition
base:recipe:banana-e-latte,base:recipe-version:banana-e-latte:a4b16218d9a8fc6e,structured,2,11,171.8,171.8,True,1.0,inferred_single_person_meal,missing,True
base:recipe:bowl-coreana-delicata-con-manzo-riso-e-broccoli,base:recipe-version:bowl-coreana-delicata-con-manzo-riso-e-broccoli:8f339ab02fbaac9b,structured,6,1,425.2,425.24,True,1.0,inferred_single_person_meal,missing,True
base:recipe:bowl-coreana-delicata-con-manzo-riso-e-carote,base:recipe-version:bowl-coreana-delicata-con-manzo-riso-e-carote:1293bd4b61952158,structured,6,1,465.1,465.14,True,1.0,inferred_single_person_meal,missing,True
base:recipe:bowl-coreana-delicata-con-manzo-riso-e-carote,base:recipe-version:bowl-coreana-delicata-con-manzo-riso-e-carote:65761b5bbf817bdd,structured,6,1,431.5,431.54,True,1.0,inferred_single_person_meal,missing,True
base:recipe:bowl-coreana-delicata-con-manzo-riso-e-carote,base:recipe-version:bowl-coreana-delicata-con-manzo-riso-e-carote:b1a32c25c8e098c3,structured,6,1,411.7,411.74,True,1.0,inferred_single_person_meal,missing,True
base:recipe:bowl-coreana-delicata-con-manzo-riso-e-carote,base:recipe-version:bowl-coreana-delicata-con-manzo-riso-e-carote:d1b595b5e437cfbd,structured,8,1,735.1,735.14,True,1.0,inferred_single_person_meal,missing,True
base:recipe:bowl-coreana-delicata-con-manzo-riso-e-cavolfiore,base:recipe-version:bowl-coreana-delicata-con-manzo-riso-e-cavolfiore:57bba950e198a83f,structured,6,1,440.1,440.14,True,1.0,inferred_single_person_meal,missing,True
base:recipe:bowl-greca-delicata-con-pollo-feta-e-finocchi,base:recipe-version:bowl-greca-delicata-con-pollo-feta-e-finocchi:8f162b0b48e8e42c,structured,6,1,533.8,533.81,True,1.0,inferred_single_person_meal,missing,True
base:recipe:bowl-greca-delicata-con-pollo-feta-e-finocchi,base:recipe-version:bowl-greca-delicata-con-pollo-feta-e-finocchi:b41adde077b12d94,structured,5,1,484.8,484.77,True,1.0,inferred_single_person_meal,missing,True
base:recipe:bowl-greca-delicata-con-pollo-feta-e-finocchi,base:recipe-version:bowl-greca-delicata-con-pollo-feta-e-finocchi:f122945c590a00f2,structured,5,1,482.6,482.57,True,1.0,inferred_single_person_meal,missing,True
base:recipe:bowl-greca-delicata-con-pollo-feta-e-zucca,base:recipe-version:bowl-greca-delicata-con-pollo-feta-e-zucca:4e14a2e31e43d7bb,structured,5,1,483.9,483.91,True,1.0,inferred_single_person_meal,missing,True
base:recipe:bowl-greca-delicata-con-pollo-feta-e-zucca,base:recipe-version:bowl-greca-delicata-con-pollo-feta-e-zucca:6d838eced89712ef,structured,5,1,386.1,386.07,True,1.0,inferred_single_person_meal,missing,True
base:recipe:bowl-greca-delicata-con-pollo-feta-e-zucca,base:recipe-version:bowl-greca-delicata-con-pollo-feta-e-zucca:9f2fd9275b7e293c,structured,7,1,722.1,722.11,True,1.0,inferred_single_person_meal,missing,True
base:recipe:bowl-greca-delicata-con-pollo-feta-e-zucca,base:recipe-version:bowl-greca-delicata-con-pollo-feta-e-zucca:a0603a878bb7abc5,structured,5,1,439.5,439.47,True,1.0,inferred_single_person_meal,missing,True
base:recipe:bowl-greca-delicata-con-pollo-feta-e-zucchine,base:recipe-version:bowl-greca-delicata-con-pollo-feta-e-zucchine:15c1162c0403e1d0,structured,5,1,470.4,470.41,True,1.0,inferred_single_person_meal,missing,True
base:recipe:bowl-libanese-delicata-con-pollo-e-carote,base:recipe-version:bowl-libanese-delicata-con-pollo-e-carote:1bebfe8f0f652905,structured,5,1,447.5,447.51,True,1.0,inferred_single_person_meal,missing,True
base:recipe:bowl-libanese-delicata-con-pollo-e-carote,base:recipe-version:bowl-libanese-delicata-con-pollo-e-carote:1fc9cf3e2182a3e9,structured,5,2,447.5,447.51,True,1.0,inferred_single_person_meal,missing,True
base:recipe:bowl-libanese-delicata-con-pollo-e-carote,base:recipe-version:bowl-libanese-delicata-con-pollo-e-carote:aa410de3e2574037,structured,7,1,728.1,728.11,True,1.0,inferred_single_person_meal,missing,True
base:recipe:bowl-libanese-delicata-con-pollo-e-zucchine,base:recipe-version:bowl-libanese-delicata-con-pollo-e-zucchine:a15e5abe7245291d,structured,5,1,411.5,411.51,True,1.0,inferred_single_person_meal,missing,True
base:recipe:branzino-con-polenta-e-finocchi,base:recipe-version:branzino-con-polenta-e-finocchi:d61134f849a13e58,structured,4,1,399.9,399.92,True,1.0,inferred_single_person_meal,missing,True
base:recipe:branzino-con-polenta-e-zucca,base:recipe-version:branzino-con-polenta-e-zucca:774ae20421803368,structured,4,1,426.7,426.74,True,1.0,inferred_single_person_meal,missing,True
base:recipe:branzino-con-polenta-e-zucchine,base:recipe-version:branzino-con-polenta-e-zucchine:05d43f46b0cd324d,structured,4,1,410.5,410.54,True,1.0,inferred_single_person_meal,missing,True
base:recipe:brunch-bowl-coreana-delicata-con-manzo-riso-e-carote,base:recipe-version:brunch-bowl-coreana-delicata-con-manzo-riso-e-carote:423d649b72c9b88e,structured,8,1,608.7,608.74,True,1.0,inferred_single_person_meal,missing,True
base:recipe:brunch-bowl-coreana-delicata-con-manzo-riso-e-cavolfiore,base:recipe-version:brunch-bowl-coreana-delicata-con-manzo-riso-e-cavolfiore:63b56b94717dece6,structured,8,1,558.3,558.34,True,1.0,inferred_single_person_meal,missing,True
base:recipe:brunch-bowl-greca-delicata-con-pollo-feta-e-finocchi,base:recipe-version:brunch-bowl-greca-delicata-con-pollo-feta-e-finocchi:520bc40de1b4a1f2,structured,7,1,601.4,601.41,True,1.0,inferred_single_person_meal,missing,True
base:recipe:brunch-bowl-greca-delicata-con-pollo-feta-e-finocchi,base:recipe-version:brunch-bowl-greca-delicata-con-pollo-feta-e-finocchi:7efcddfacc60ed6d,structured,7,1,590.6,590.61,True,1.0,inferred_single_person_meal,missing,True
base:recipe:brunch-bowl-greca-delicata-con-pollo-feta-e-zucca,base:recipe-version:brunch-bowl-greca-delicata-con-pollo-feta-e-zucca:07916c78b183b2f3,structured,7,1,604.7,604.71,True,1.0,inferred_single_person_meal,missing,True
base:recipe:brunch-bowl-libanese-delicata-con-pollo-e-carote,base:recipe-version:brunch-bowl-libanese-delicata-con-pollo-e-carote:0d98b20f23d7e14c,structured,7,1,546.7,546.71,True,1.0,inferred_single_person_meal,missing,True
base:recipe:brunch-bowl-libanese-delicata-con-pollo-e-cavolfiore,base:recipe-version:brunch-bowl-libanese-delicata-con-pollo-e-cavolfiore:af784d03dc2e7330,structured,7,1,523.9,523.91,True,1.0,inferred_single_person_meal,missing,True
base:recipe:brunch-bowl-libanese-delicata-con-pollo-e-zucchine,base:recipe-version:brunch-bowl-libanese-delicata-con-pollo-e-zucchine:bae3486662495964,structured,7,1,532.3,532.31,True,1.0,inferred_single_person_meal,missing,True
base:recipe:brunch-burger-di-tacchino-con-pane-e-zucca-al-forno,base:recipe-version:brunch-burger-di-tacchino-con-pane-e-zucca-al-forno:51d145e2523448a2,structured,6,1,580.3,580.31,True,1.0,inferred_single_person_meal,missing,True
base:recipe:brunch-burger-di-tacchino-con-pane-e-zucca-al-forno,base:recipe-version:brunch-burger-di-tacchino-con-pane-e-zucca-al-forno:c375035a445652fc,structured,6,1,585.1,585.11,True,1.0,inferred_single_person_meal,missing,True
base:recipe:brunch-burger-di-tacchino-con-pane-e-zucca-al-forno,base:recipe-version:brunch-burger-di-tacchino-con-pane-e-zucca-al-forno:f709e3e2d48d318a,structured,6,1,561.6,561.56,True,1.0,inferred_single_person_meal,missing,True
base:recipe:brunch-couscous-marocchino-delicato-con-tacchino-e-fagiolini,base:recipe-version:brunch-couscous-marocchino-delicato-con-tacchino-e-fagiolini:cdc52c441541b852,structured,6,1,551.5,551.5,True,1.0,inferred_single_person_meal,missing,True
base:recipe:brunch-couscous-marocchino-delicato-con-tacchino-e-finocchi,base:recipe-version:brunch-couscous-marocchino-delicato-con-tacchino-e-finocchi:eebf147165557e2b,structured,6,1,525.9,525.9,True,1.0,inferred_single_person_meal,missing,True
base:recipe:brunch-couscous-marocchino-delicato-con-tacchino-e-spinaci,base:recipe-version:brunch-couscous-marocchino-delicato-con-tacchino-e-spinaci:2557ab866f22e233,structured,6,1,556.5,556.5,True,1.0,inferred_single_person_meal,missing,True
base:recipe:brunch-croque-monsieur-leggero-con-cotto-mozzarella-e-carciofi,base:recipe-version:brunch-croque-monsieur-leggero-con-cotto-mozzarella-e-carciofi:56dec7c50290a4ca,structured,6,1,645.2,645.2,True,1.0,inferred_single_person_meal,missing,True
base:recipe:brunch-croque-monsieur-leggero-con-cotto-mozzarella-e-funghi,base:recipe-version:brunch-croque-monsieur-leggero-con-cotto-mozzarella-e-funghi:3445c6dd8204e71f,structured,6,1,595.4,595.4,True,1.0,inferred_single_person_meal,missing,True
base:recipe:brunch-croque-monsieur-leggero-con-cotto-mozzarella-e-melanzane,base:recipe-version:brunch-croque-monsieur-leggero-con-cotto-mozzarella-e-melanzane:fc8810506d8d8fb9,structured,6,1,625.1,625.1,True,1.0,inferred_single_person_meal,missing,True
base:recipe:brunch-curry-bianco-molto-delicato-di-pollo-e-zucca,base:recipe-version:brunch-curry-bianco-molto-delicato-di-pollo-e-zucca:a62778145c4cb2d2,structured,7,1,578.9,578.92,True,1.0,inferred_single_person_meal,missing,True
base:recipe:brunch-jacket-potato-con-tonno-primosale-e-radicchio,base:recipe-version:brunch-jacket-potato-con-tonno-primosale-e-radicchio:62050051d69c469b,structured,6,1,557.4,557.42,True,1.0,inferred_single_person_meal,missing,True
base:recipe:brunch-kofte-di-tacchino-delicati-con-riso-e-bietole,base:recipe-version:brunch-kofte-di-tacchino-delicati-con-riso-e-bietole:a868797ef77a836a,structured,7,1,515.8,515.78,True,1.0,inferred_single_person_meal,missing,True
base:recipe:brunch-kofte-di-tacchino-delicati-con-riso-e-radicchio,base:recipe-version:brunch-kofte-di-tacchino-delicati-con-riso-e-radicchio:1d80294769500be2,structured,7,1,522.6,522.58,True,1.0,inferred_single_person_meal,missing,True
base:recipe:brunch-kofte-di-tacchino-delicati-con-riso-e-spinaci,base:recipe-version:brunch-kofte-di-tacchino-delicati-con-riso-e-spinaci:6f319aee6505b9e8,structured,7,1,520.6,520.58,True,1.0,inferred_single_person_meal,missing,True
base:recipe:brunch-noodles-di-riso-con-pollo-e-finocchi,base:recipe-version:brunch-noodles-di-riso-con-pollo-e-finocchi:77a636a09e897fa8,structured,8,1,531.1,531.11,True,1.0,inferred_single_person_meal,missing,True
base:recipe:brunch-noodles-di-riso-con-pollo-e-spinaci,base:recipe-version:brunch-noodles-di-riso-con-pollo-e-spinaci:57996d4ba22fbbda,structured,7,1,496.1,496.11,True,1.0,inferred_single_person_meal,missing,True
base:recipe:brunch-poke-tiepido-con-salmone-e-lattuga,base:recipe-version:brunch-poke-tiepido-con-salmone-e-lattuga:c16219f1237dbc17,structured,8,1,640.7,640.74,True,1.0,inferred_single_person_meal,missing,True
base:recipe:brunch-polpette-svedesi-leggere-con-finocchi,base:recipe-version:brunch-polpette-svedesi-leggere-con-finocchi:26766f7a5b341cea,structured,8,1,578.6,578.61,True,1.0,inferred_single_person_meal,missing,True
base:recipe:brunch-polpette-svedesi-leggere-con-zucca,base:recipe-version:brunch-polpette-svedesi-leggere-con-zucca:2996ac5a3ebbda26,structured,8,1,569.9,569.91,True,1.0,inferred_single_person_meal,missing,True
base:recipe:brunch-riso-teriyaki-delicato-con-tacchino-e-carciofi,base:recipe-version:brunch-riso-teriyaki-delicato-con-tacchino-e-carciofi:dd1df9125ddfa6b3,structured,7,1,500.7,500.74,True,1.0,inferred_single_person_meal,missing,True
base:recipe:brunch-salmone-nordico-con-patate-e-bietole,base:recipe-version:brunch-salmone-nordico-con-patate-e-bietole:ccfb3e76efd51dbc,structured,7,1,618.1,618.06,True,1.0,inferred_single_person_meal,missing,True
base:recipe:brunch-salmone-nordico-con-patate-e-cavolfiore,base:recipe-version:brunch-salmone-nordico-con-patate-e-cavolfiore:231333569dcf995f,structured,7,1,610.3,610.26,True,1.0,inferred_single_person_meal,missing,True
base:recipe:brunch-salmone-nordico-con-patate-e-zucca,base:recipe-version:brunch-salmone-nordico-con-patate-e-zucca:6c518a0b9734ea57,structured,7,1,638.2,638.16,True,1.0,inferred_single_person_meal,missing,True
base:recipe:brunch-tortilla-spagnola-leggera-con-zucchine,base:recipe-version:brunch-tortilla-spagnola-leggera-con-zucchine:077a564b9ed6cef4,structured,7,1,623.3,623.34,True,1.0,inferred_single_person_meal,missing,True
base:recipe:brunch-tortilla-spagnola-leggera-con-zucchine,base:recipe-version:brunch-tortilla-spagnola-leggera-con-zucchine:2c89ad4f9dcd0ba3,structured,7,1,617.3,617.34,True,1.0,inferred_single_person_meal,missing,True
base:recipe:brunch-wrap-morbido-con-pollo-primosale-e-cavolfiore,base:recipe-version:brunch-wrap-morbido-con-pollo-primosale-e-cavolfiore:2669de684378973b,structured,6,1,626.9,626.9,True,1.0,inferred_single_person_meal,missing,True
base:recipe:brunch-wrap-morbido-con-pollo-primosale-e-radicchio,base:recipe-version:brunch-wrap-morbido-con-pollo-primosale-e-radicchio:fcdf5e401be48e59,structured,6,1,623.9,623.9,True,1.0,inferred_single_person_meal,missing,True
base:recipe:brunch-wrap-morbido-con-pollo-primosale-e-spinaci,base:recipe-version:brunch-wrap-morbido-con-pollo-primosale-e-spinaci:0dd86cb415937e03,structured,6,1,623.9,623.9,True,1.0,inferred_single_person_meal,missing,True
base:recipe:budino-di-riso-casalingo-e-frutta,base:recipe-version:budino-di-riso-casalingo-e-frutta:6cc1d24620d4f701,structured,4,3,326.4,326.4,True,1.0,inferred_single_person_meal,missing,True
base:recipe:budino-di-riso-casalingo-e-frutta,base:recipe-version:budino-di-riso-casalingo-e-frutta:98e1bee3bc26258f,structured,4,1,332.9,332.9,True,1.0,inferred_single_person_meal,missing,True
base:recipe:burger-di-tacchino-con-pane-e-zucca-al-forno,base:recipe-version:burger-di-tacchino-con-pane-e-zucca-al-forno:0211b9e298cc00bb,structured,5,1,476.6,476.57,True,1.0,inferred_single_person_meal,missing,True
base:recipe:burger-di-tacchino-con-pane-e-zucca-al-forno,base:recipe-version:burger-di-tacchino-con-pane-e-zucca-al-forno:0afda45d2c91d033,structured,5,1,423.6,423.57,True,1.0,inferred_single_person_meal,missing,True
base:recipe:burger-di-tacchino-con-pane-e-zucca-al-forno,base:recipe-version:burger-di-tacchino-con-pane-e-zucca-al-forno:0c63b84aa327cae0,structured,5,1,436.8,436.82,True,1.0,inferred_single_person_meal,missing,True
base:recipe:burger-di-tacchino-con-pane-e-zucca-al-forno,base:recipe-version:burger-di-tacchino-con-pane-e-zucca-al-forno:5cf340c6252a6150,structured,5,1,463.3,463.32,True,1.0,inferred_single_person_meal,missing,True
base:recipe:burger-di-tacchino-con-pane-e-zucca-al-forno,base:recipe-version:burger-di-tacchino-con-pane-e-zucca-al-forno:f186780fe60e1d82,structured,5,1,511.9,511.91,True,1.0,inferred_single_person_meal,missing,True
base:recipe:colazione-leggera-con-latte-e-fette-classiche,base:recipe-version:colazione-leggera-con-latte-e-fette-classiche:877ea8791ddbb83e,structured,4,1,285.4,285.4,True,1.0,inferred_single_person_meal,missing,True
base:recipe:colazione-leggera-con-latte-e-fette-classiche,base:recipe-version:colazione-leggera-con-latte-e-fette-classiche:8fd04a5b7ddd497f,structured,4,1,274.7,274.7,True,1.0,inferred_single_person_meal,missing,True
base:recipe:colazione-leggera-con-latte-e-fette-classiche,base:recipe-version:colazione-leggera-con-latte-e-fette-classiche:c499e5cad0f67ae9,structured,4,1,292.7,292.7,True,1.0,inferred_single_person_meal,missing,True
base:recipe:colazione-leggera-con-latte-e-fette-classiche,base:recipe-version:colazione-leggera-con-latte-e-fette-classiche:f0b9a32bfc5404fc,structured,4,2,275.9,275.9,True,1.0,inferred_single_person_meal,missing,True
base:recipe:colazione-leggera-con-latte-e-fette-classiche,base:recipe-version:colazione-leggera-con-latte-e-fette-classiche:f712e5d2a6856be0,structured,4,1,269.9,269.9,True,1.0,inferred_single_person_meal,missing,True
base:recipe:coniglio-con-patate-e-carciofi,base:recipe-version:coniglio-con-patate-e-carciofi:8cbb68c4fa4b5823,structured,5,1,434.7,434.67,True,1.0,inferred_single_person_meal,missing,True
base:recipe:coniglio-con-patate-e-pomodori,base:recipe-version:coniglio-con-patate-e-pomodori:1a88a8e3425ae336,structured,4,1,440.5,440.48,True,1.0,inferred_single_person_meal,missing,True
base:recipe:coniglio-con-patate-e-spinaci,base:recipe-version:coniglio-con-patate-e-spinaci:b4d852f99e5bbb06,structured,4,1,449.5,449.48,True,1.0,inferred_single_person_meal,missing,True
base:recipe:coniglio-con-riso-basmati-e-bietole,base:recipe-version:coniglio-con-riso-basmati-e-bietole:ec8c162e6190703b,structured,4,1,468.7,468.68,True,1.0,inferred_single_person_meal,missing,True
base:recipe:coniglio-con-riso-basmati-e-fagiolini,base:recipe-version:coniglio-con-riso-basmati-e-fagiolini:81bbf1d5eec9bc15,structured,4,1,481.4,481.44,True,1.0,inferred_single_person_meal,missing,True
base:recipe:coniglio-con-riso-basmati-e-finocchi,base:recipe-version:coniglio-con-riso-basmati-e-finocchi:1a87ad025ec873c5,structured,6,1,687.4,687.38,True,1.0,inferred_single_person_meal,missing,True
base:recipe:coniglio-con-riso-basmati-e-finocchi,base:recipe-version:coniglio-con-riso-basmati-e-finocchi:de5a0b4b500d43f8,structured,4,1,472.1,472.14,True,1.0,inferred_single_person_meal,missing,True
base:recipe:coniglio-con-riso-basmati-e-finocchi,base:recipe-version:coniglio-con-riso-basmati-e-finocchi:f0e99e714647d716,structured,4,1,481.0,480.98,True,1.0,inferred_single_person_meal,missing,True
base:recipe:couscous-marocchino-delicato-con-tacchino-e-bietole,base:recipe-version:couscous-marocchino-delicato-con-tacchino-e-bietole:3a2ec05d0d9af8aa,structured,6,1,487.7,487.7,True,1.0,inferred_single_person_meal,missing,True
base:recipe:couscous-marocchino-delicato-con-tacchino-e-fagiolini,base:recipe-version:couscous-marocchino-delicato-con-tacchino-e-fagiolini:b9e6f822041b2859,structured,5,1,433.0,433.02,True,1.0,inferred_single_person_meal,missing,True
base:recipe:couscous-marocchino-delicato-con-tacchino-e-finocchi,base:recipe-version:couscous-marocchino-delicato-con-tacchino-e-finocchi:6d8188dddd57a997,structured,5,1,452.7,452.7,True,1.0,inferred_single_person_meal,missing,True
base:recipe:couscous-marocchino-delicato-con-tacchino-e-finocchi,base:recipe-version:couscous-marocchino-delicato-con-tacchino-e-finocchi:85ef7b0c5484e314,structured,7,1,701.5,701.5,True,1.0,inferred_single_person_meal,missing,True
base:recipe:couscous-marocchino-delicato-con-tacchino-e-finocchi,base:recipe-version:couscous-marocchino-delicato-con-tacchino-e-finocchi:cbfe17996f981092,structured,5,1,429.0,429.02,True,1.0,inferred_single_person_meal,missing,True
base:recipe:crackers-classici-con-hummus-delicato,base:recipe-version:crackers-classici-con-hummus-delicato:133b905f93d6d0c1,structured,3,1,242.9,242.9,True,1.0,inferred_single_person_meal,missing,True
base:recipe:crackers-classici-con-hummus-delicato,base:recipe-version:crackers-classici-con-hummus-delicato:27b122baaf5f3d79,structured,3,1,235.7,235.7,True,1.0,inferred_single_person_meal,missing,True
base:recipe:crackers-classici-con-hummus-delicato,base:recipe-version:crackers-classici-con-hummus-delicato:336656d51106c925,structured,3,1,210.2,210.2,True,1.0,inferred_single_person_meal,missing,True
base:recipe:crackers-classici-con-hummus-delicato,base:recipe-version:crackers-classici-con-hummus-delicato:62d7d1325ddb969b,structured,3,3,209.3,209.3,True,1.0,inferred_single_person_meal,missing,True
base:recipe:crackers-classici-con-hummus-delicato,base:recipe-version:crackers-classici-con-hummus-delicato:6ff9c9079046b69c,structured,3,2,205.0,205.0,True,1.0,inferred_single_person_meal,missing,True
base:recipe:crackers-classici-con-hummus-delicato,base:recipe-version:crackers-classici-con-hummus-delicato:7d93544d29ef114f,structured,3,1,203.7,203.7,True,1.0,inferred_single_person_meal,missing,True
base:recipe:crackers-classici-con-hummus-delicato,base:recipe-version:crackers-classici-con-hummus-delicato:9973a6bb5cb9312b,structured,3,1,224.9,224.9,True,1.0,inferred_single_person_meal,missing,True
base:recipe:crackers-classici-con-hummus-delicato,base:recipe-version:crackers-classici-con-hummus-delicato:afbb8a2d7f8a60c2,structured,3,1,197.2,197.2,True,1.0,inferred_single_person_meal,missing,True
base:recipe:crackers-classici-con-hummus-delicato,base:recipe-version:crackers-classici-con-hummus-delicato:fd196d9e4a5800f4,structured,3,1,220.1,220.1,True,1.0,inferred_single_person_meal,missing,True
base:recipe:crackers-e-primosale,base:recipe-version:crackers-e-primosale:89b1db2790bd5aea,structured,2,15,180.5,180.5,True,1.0,inferred_single_person_meal,missing,True
base:recipe:crackers-e-ricotta,base:recipe-version:crackers-e-ricotta:b5e12fff16ac4003,structured,2,18,151.7,151.7,True,1.0,inferred_single_person_meal,missing,True
base:recipe:croque-monsieur-leggero-con-cotto-mozzarella-e-carciofi,base:recipe-version:croque-monsieur-leggero-con-cotto-mozzarella-e-carciofi:16463afa0025f2ef,structured,4,1,479.8,479.75,True,1.0,inferred_single_person_meal,missing,True
base:recipe:croque-monsieur-leggero-con-cotto-mozzarella-e-carciofi,base:recipe-version:croque-monsieur-leggero-con-cotto-mozzarella-e-carciofi:41c950342124a6d3,structured,4,1,466.5,466.5,True,1.0,inferred_single_person_meal,missing,True
base:recipe:croque-monsieur-leggero-con-cotto-mozzarella-e-carciofi,base:recipe-version:croque-monsieur-leggero-con-cotto-mozzarella-e-carciofi:9e903e082139d116,structured,5,1,784.2,784.2,True,1.0,inferred_single_person_meal,missing,True
base:recipe:croque-monsieur-leggero-con-cotto-mozzarella-e-funghi,base:recipe-version:croque-monsieur-leggero-con-cotto-mozzarella-e-funghi:9ee8c4898a936dd8,structured,4,1,455.5,455.5,True,1.0,inferred_single_person_meal,missing,True
base:recipe:croque-monsieur-leggero-con-cotto-mozzarella-e-funghi,base:recipe-version:croque-monsieur-leggero-con-cotto-mozzarella-e-funghi:c88c51692837e5bb,structured,4,1,429.0,429.0,True,1.0,inferred_single_person_meal,missing,True
base:recipe:croque-monsieur-leggero-con-cotto-mozzarella-e-melanzane,base:recipe-version:croque-monsieur-leggero-con-cotto-mozzarella-e-melanzane:3d7b823f7090000a,structured,4,1,449.5,449.5,True,1.0,inferred_single_person_meal,missing,True
base:recipe:croque-monsieur-leggero-con-cotto-mozzarella-e-melanzane,base:recipe-version:croque-monsieur-leggero-con-cotto-mozzarella-e-melanzane:a514d8f6de6fb815,structured,4,1,513.0,513.0,True,1.0,inferred_single_person_meal,missing,True
base:recipe:curry-bianco-molto-delicato-di-pollo-e-zucca,base:recipe-version:curry-bianco-molto-delicato-di-pollo-e-zucca:20bf020503f4e943,structured,5,1,433.1,433.12,True,1.0,inferred_single_person_meal,missing,True
base:recipe:curry-bianco-molto-delicato-di-pollo-e-zucca,base:recipe-version:curry-bianco-molto-delicato-di-pollo-e-zucca:393bc1b280608ee6,structured,7,1,684.1,684.12,True,1.0,inferred_single_person_meal,missing,True
base:recipe:curry-bianco-molto-delicato-di-pollo-e-zucca,base:recipe-version:curry-bianco-molto-delicato-di-pollo-e-zucca:8fa930e9e54b7ea8,structured,5,1,433.1,433.12,True,1.0,inferred_single_person_meal,missing,True
base:recipe:curry-bianco-molto-delicato-di-pollo-e-zucca,base:recipe-version:curry-bianco-molto-delicato-di-pollo-e-zucca:be2bab570860f955,structured,5,1,435.3,435.32,True,1.0,inferred_single_person_meal,missing,True
base:recipe:feta-cetriolo-e-crackers,base:recipe-version:feta-cetriolo-e-crackers:6874564aabe8b391,structured,3,16,156.0,156.0,True,1.0,inferred_single_person_meal,missing,True
base:recipe:fette-biscottate-con-robiola-e-miele,base:recipe-version:fette-biscottate-con-robiola-e-miele:75f139bf87c19722,structured,5,1,419.4,419.42,True,1.0,inferred_single_person_meal,missing,True
base:recipe:fette-biscottate-con-robiola-e-miele,base:recipe-version:fette-biscottate-con-robiola-e-miele:88f39a230fcdda9a,structured,5,1,409.4,409.42,True,1.0,inferred_single_person_meal,missing,True
base:recipe:fette-biscottate-con-robiola-e-miele,base:recipe-version:fette-biscottate-con-robiola-e-miele:8f247890d0e8d841,structured,5,3,434.7,434.72,True,1.0,inferred_single_person_meal,missing,True
base:recipe:fette-biscottate-con-robiola-e-miele,base:recipe-version:fette-biscottate-con-robiola-e-miele:a333b090d4f540a0,structured,5,2,433.4,433.42,True,1.0,inferred_single_person_meal,missing,True
base:recipe:fette-biscottate-con-robiola-e-miele,base:recipe-version:fette-biscottate-con-robiola-e-miele:c2dfe4341a238749,structured,5,1,439.9,439.92,True,1.0,inferred_single_person_meal,missing,True
base:recipe:fette-biscottate-con-robiola-e-miele,base:recipe-version:fette-biscottate-con-robiola-e-miele:d6ff47abc7cc8b71,structured,5,1,373.2,373.22,True,1.0,inferred_single_person_meal,missing,True
base:recipe:fette-biscottate-con-robiola-e-miele,base:recipe-version:fette-biscottate-con-robiola-e-miele:e5620444833a4f0c,structured,5,1,398.9,398.92,True,1.0,inferred_single_person_meal,missing,True
base:recipe:filetto-di-maiale-con-pane-bianco-e-broccoli,base:recipe-version:filetto-di-maiale-con-pane-bianco-e-broccoli:085065b02b42a0c9,structured,4,1,462.2,462.17,True,1.0,inferred_single_person_meal,missing,True
base:recipe:filetto-di-maiale-con-patate-e-spinaci,base:recipe-version:filetto-di-maiale-con-patate-e-spinaci:0eea0c723bd3399c,structured,4,1,458.6,458.58,True,1.0,inferred_single_person_meal,missing,True
base:recipe:filetto-di-maiale-con-polenta-e-carote,base:recipe-version:filetto-di-maiale-con-polenta-e-carote:3f572d4b16625494,structured,6,1,753.6,753.58,True,1.0,inferred_single_person_meal,missing,True
base:recipe:filetto-di-maiale-con-polenta-e-carote,base:recipe-version:filetto-di-maiale-con-polenta-e-carote:49866ab66aa3e8ee,structured,4,1,474.7,474.74,True,1.0,inferred_single_person_meal,missing,True
base:recipe:filetto-di-maiale-con-polenta-e-sedano-rapa,base:recipe-version:filetto-di-maiale-con-polenta-e-sedano-rapa:b34379c49eaacc97,structured,4,1,472.8,472.78,True,1.0,inferred_single_person_meal,missing,True
base:recipe:filetto-di-maiale-con-polenta-e-zucca,base:recipe-version:filetto-di-maiale-con-polenta-e-zucca:173114f52e739b82,structured,4,1,438.9,438.9,True,1.0,inferred_single_person_meal,missing,True
base:recipe:filetto-di-maiale-con-polenta-e-zucchine,base:recipe-version:filetto-di-maiale-con-polenta-e-zucchine:708b97fb0ebfd06a,structured,6,1,678.6,678.58,True,1.0,inferred_single_person_meal,missing,True
base:recipe:filetto-di-maiale-con-polenta-e-zucchine,base:recipe-version:filetto-di-maiale-con-polenta-e-zucchine:c5bf398c2a3ca85b,structured,4,1,440.4,440.38,True,1.0,inferred_single_person_meal,missing,True
base:recipe:fiocchi-di-latte-e-frutta,base:recipe-version:fiocchi-di-latte-e-frutta:0895154d73403015,structured,2,1,178.0,178.0,True,1.0,inferred_single_person_meal,missing,True
base:recipe:fiocchi-di-latte-e-frutta,base:recipe-version:fiocchi-di-latte-e-frutta:4b2027417f853da3,structured,2,1,147.3,147.3,True,1.0,inferred_single_person_meal,missing,True
base:recipe:fiocchi-di-latte-e-frutta,base:recipe-version:fiocchi-di-latte-e-frutta:706857739cb5f5e7,structured,2,1,185.2,185.2,True,1.0,inferred_single_person_meal,missing,True
base:recipe:fiocchi-di-latte-e-frutta,base:recipe-version:fiocchi-di-latte-e-frutta:835c9d8822c9080c,structured,2,1,146.0,146.0,True,1.0,inferred_single_person_meal,missing,True
base:recipe:fiocchi-di-latte-e-frutta,base:recipe-version:fiocchi-di-latte-e-frutta:9e931cb1de4dc46b,structured,2,1,152.5,152.5,True,1.0,inferred_single_person_meal,missing,True
base:recipe:fiocchi-di-latte-e-frutta,base:recipe-version:fiocchi-di-latte-e-frutta:a04db2a4f28dd5ca,structured,2,1,167.2,167.2,True,1.0,inferred_single_person_meal,missing,True
base:recipe:french-toast-delicato-con-frutta,base:recipe-version:french-toast-delicato-con-frutta:7a41c615f143ffb0,structured,5,2,385.1,385.14,True,1.0,inferred_single_person_meal,missing,True
base:recipe:french-toast-delicato-con-frutta,base:recipe-version:french-toast-delicato-con-frutta:933b4db38fc2b812,structured,5,3,359.6,359.64,True,1.0,inferred_single_person_meal,missing,True
base:recipe:french-toast-delicato-con-frutta,base:recipe-version:french-toast-delicato-con-frutta:9b1a650c7d194ae3,structured,5,3,354.4,354.44,True,1.0,inferred_single_person_meal,missing,True
base:recipe:french-toast-delicato-con-frutta,base:recipe-version:french-toast-delicato-con-frutta:dd90456291668ba2,structured,5,1,374.3,374.34,True,1.0,inferred_single_person_meal,missing,True
base:recipe:french-toast-delicato-con-frutta,base:recipe-version:french-toast-delicato-con-frutta:ebc8ff9f4934fbbe,structured,5,1,353.1,353.14,True,1.0,inferred_single_person_meal,missing,True
base:recipe:frittata-morbida-con-patate-e-bietole,base:recipe-version:frittata-morbida-con-patate-e-bietole:4ceadffcb97291ae,structured,6,1,397.1,397.07,True,1.0,inferred_single_person_meal,missing,True
base:recipe:frittata-morbida-con-patate-e-bietole,base:recipe-version:frittata-morbida-con-patate-e-bietole:939437f9f12695ed,structured,6,1,471.9,471.92,True,1.0,inferred_single_person_meal,missing,True
base:recipe:frittata-morbida-con-patate-e-bietole,base:recipe-version:frittata-morbida-con-patate-e-bietole:cc644aa964095fb2,structured,6,1,408.6,408.62,True,1.0,inferred_single_person_meal,missing,True
base:recipe:frittata-morbida-con-patate-e-bietole,base:recipe-version:frittata-morbida-con-patate-e-bietole:f7872634ef9f935d,structured,6,1,377.8,377.82,True,1.0,inferred_single_person_meal,missing,True
base:recipe:frittata-morbida-con-patate-e-broccoli,base:recipe-version:frittata-morbida-con-patate-e-broccoli:8701b0b7862afb5e,structured,6,1,516.7,516.65,True,1.0,inferred_single_person_meal,missing,True
base:recipe:frittata-morbida-con-patate-e-broccoli,base:recipe-version:frittata-morbida-con-patate-e-broccoli:cffce576cbf6629f,structured,6,2,429.2,429.22,True,1.0,inferred_single_person_meal,missing,True
base:recipe:frittata-morbida-con-patate-e-carciofi,base:recipe-version:frittata-morbida-con-patate-e-carciofi:0c24449fdeeca124,structured,6,1,503.5,503.47,True,1.0,inferred_single_person_meal,missing,True
base:recipe:frittata-morbida-con-patate-e-carciofi,base:recipe-version:frittata-morbida-con-patate-e-carciofi:a92cb4af6dd5809a,structured,6,1,473.5,473.52,True,1.0,inferred_single_person_meal,missing,True
base:recipe:frittata-morbida-con-patate-e-carote,base:recipe-version:frittata-morbida-con-patate-e-carote:1466ea910c3b14da,structured,6,1,457.1,457.07,True,1.0,inferred_single_person_meal,missing,True
base:recipe:frittata-morbida-con-patate-e-carote,base:recipe-version:frittata-morbida-con-patate-e-carote:1c9276aa6149a375,structured,6,1,518.7,518.67,True,1.0,inferred_single_person_meal,missing,True
base:recipe:frittata-morbida-con-patate-e-carote,base:recipe-version:frittata-morbida-con-patate-e-carote:61be066e4bf7da40,structured,6,1,472.5,472.47,True,1.0,inferred_single_person_meal,missing,True
base:recipe:frittata-morbida-con-patate-e-carote,base:recipe-version:frittata-morbida-con-patate-e-carote:6a2118ab1c10576c,structured,6,1,411.3,411.32,True,1.0,inferred_single_person_meal,missing,True
base:recipe:frittata-morbida-con-patate-e-carote,base:recipe-version:frittata-morbida-con-patate-e-carote:f181451b2f056569,structured,6,1,440.0,439.97,True,1.0,inferred_single_person_meal,missing,True
base:recipe:frittata-morbida-con-patate-e-cavolfiore,base:recipe-version:frittata-morbida-con-patate-e-cavolfiore:33ac202b80b4dee3,structured,6,1,499.4,499.41,True,1.0,inferred_single_person_meal,missing,True
base:recipe:frittata-morbida-con-patate-e-cavolfiore,base:recipe-version:frittata-morbida-con-patate-e-cavolfiore:c0d5057fe1983851,structured,6,1,471.3,471.32,True,1.0,inferred_single_person_meal,missing,True
base:recipe:frittata-morbida-con-patate-e-fagiolini,base:recipe-version:frittata-morbida-con-patate-e-fagiolini:6ae61ad1c4f4df88,structured,6,1,427.8,427.82,True,1.0,inferred_single_person_meal,missing,True
base:recipe:frittata-morbida-con-patate-e-finocchi,base:recipe-version:frittata-morbida-con-patate-e-finocchi:3387a68073be68e4,structured,6,1,400.0,400.02,True,1.0,inferred_single_person_meal,missing,True
base:recipe:frittata-morbida-con-patate-e-finocchi,base:recipe-version:frittata-morbida-con-patate-e-finocchi:45c89b3402b09d45,structured,6,1,424.7,424.72,True,1.0,inferred_single_person_meal,missing,True
base:recipe:frittata-morbida-con-patate-e-finocchi,base:recipe-version:frittata-morbida-con-patate-e-finocchi:c57965a0e0c322ff,structured,6,1,536.4,536.37,True,1.0,inferred_single_person_meal,missing,True
base:recipe:frittata-morbida-con-patate-e-funghi,base:recipe-version:frittata-morbida-con-patate-e-funghi:a43a30cd69947d78,structured,6,1,426.7,426.67,True,1.0,inferred_single_person_meal,missing,True
base:recipe:frittata-morbida-con-patate-e-funghi,base:recipe-version:frittata-morbida-con-patate-e-funghi:e7d5ae72f7e67cc1,structured,6,1,505.9,505.95,True,1.0,inferred_single_person_meal,missing,True
base:recipe:frittata-morbida-con-patate-e-pomodori,base:recipe-version:frittata-morbida-con-patate-e-pomodori:e68093844fef9ded,structured,6,1,499.6,499.55,True,1.0,inferred_single_person_meal,missing,True
base:recipe:frittata-morbida-con-patate-e-radicchio,base:recipe-version:frittata-morbida-con-patate-e-radicchio:1c65e63162604884,structured,6,1,447.5,447.52,True,1.0,inferred_single_person_meal,missing,True
base:recipe:frittata-morbida-con-patate-e-radicchio,base:recipe-version:frittata-morbida-con-patate-e-radicchio:701da859200dfc07,structured,6,1,432.1,432.12,True,1.0,inferred_single_person_meal,missing,True
base:recipe:frittata-morbida-con-patate-e-radicchio,base:recipe-version:frittata-morbida-con-patate-e-radicchio:977aba5ca49ebf0d,structured,6,1,498.7,498.71,True,1.0,inferred_single_person_meal,missing,True
base:recipe:frittata-morbida-con-patate-e-sedano-rapa,base:recipe-version:frittata-morbida-con-patate-e-sedano-rapa:4aa7d17e29e85953,structured,6,1,524.9,524.91,True,1.0,inferred_single_person_meal,missing,True
base:recipe:frittata-morbida-con-patate-e-spinaci,base:recipe-version:frittata-morbida-con-patate-e-spinaci:4e7fbac7ec929eb7,structured,6,1,439.8,439.82,True,1.0,inferred_single_person_meal,missing,True
base:recipe:frittata-morbida-con-patate-e-spinaci,base:recipe-version:frittata-morbida-con-patate-e-spinaci:ba39b6b8b3ebc26e,structured,6,1,507.6,507.55,True,1.0,inferred_single_person_meal,missing,True
base:recipe:frittata-morbida-con-patate-e-spinaci,base:recipe-version:frittata-morbida-con-patate-e-spinaci:c74b60520898301a,structured,6,1,468.9,468.92,True,1.0,inferred_single_person_meal,missing,True
base:recipe:frittata-morbida-con-patate-e-zucca,base:recipe-version:frittata-morbida-con-patate-e-zucca:6e420f214ced5359,structured,6,1,444.6,444.62,True,1.0,inferred_single_person_meal,missing,True
base:recipe:frittata-morbida-con-patate-e-zucca,base:recipe-version:frittata-morbida-con-patate-e-zucca:aff20ebaacfc20c3,structured,6,1,467.7,467.72,True,1.0,inferred_single_person_meal,missing,True
base:recipe:frittata-morbida-con-patate-e-zucca,base:recipe-version:frittata-morbida-con-patate-e-zucca:bfebc380c34367d8,structured,6,1,416.0,415.97,True,1.0,inferred_single_person_meal,missing,True
base:recipe:frittata-morbida-con-patate-e-zucca,base:recipe-version:frittata-morbida-con-patate-e-zucca:cddc0bfc9980a752,structured,6,1,440.8,440.77,True,1.0,inferred_single_person_meal,missing,True
base:recipe:frittata-morbida-con-patate-e-zucchine,base:recipe-version:frittata-morbida-con-patate-e-zucchine:69d14f786986115a,structured,6,1,426.4,426.37,True,1.0,inferred_single_person_meal,missing,True
base:recipe:frittata-morbida-con-patate-e-zucchine,base:recipe-version:frittata-morbida-con-patate-e-zucchine:ac7478707f1f2ce8,structured,6,1,472.6,472.57,True,1.0,inferred_single_person_meal,missing,True
base:recipe:frutta-e-fiocchi-di-latte-su-gallette,base:recipe-version:frutta-e-fiocchi-di-latte-su-gallette:8251a2bb8772b898,structured,3,1,187.0,186.96,True,1.0,inferred_single_person_meal,missing,True
base:recipe:frutta-e-fiocchi-di-latte-su-gallette,base:recipe-version:frutta-e-fiocchi-di-latte-su-gallette:8437e8a9db470b3e,structured,3,4,181.4,181.36,True,1.0,inferred_single_person_meal,missing,True
base:recipe:frutta-e-fiocchi-di-latte-su-gallette,base:recipe-version:frutta-e-fiocchi-di-latte-su-gallette:afe7761b46d14247,structured,3,3,174.9,174.86,True,1.0,inferred_single_person_meal,missing,True
base:recipe:frutta-e-fiocchi-di-latte-su-gallette,base:recipe-version:frutta-e-fiocchi-di-latte-su-gallette:bafeb21a29f7b2a0,structured,3,5,187.9,187.86,True,1.0,inferred_single_person_meal,missing,True
base:recipe:frutta-e-grana,base:recipe-version:frutta-e-grana:19afe46eb173843c,structured,2,3,114.3,114.3,True,1.0,inferred_single_person_meal,missing,True
base:recipe:frutta-e-grana,base:recipe-version:frutta-e-grana:5e9b70b7af6c0676,structured,2,1,132.9,132.9,True,1.0,inferred_single_person_meal,missing,True
base:recipe:frutta-e-grana,base:recipe-version:frutta-e-grana:5f95b4386b897740,structured,2,1,166.5,166.5,True,1.0,inferred_single_person_meal,missing,True
base:recipe:frutta-e-grana,base:recipe-version:frutta-e-grana:b12cf457d3be7766,structured,2,3,133.8,133.8,True,1.0,inferred_single_person_meal,missing,True
base:recipe:frutta-e-grana,base:recipe-version:frutta-e-grana:b22d0eeea27c3fc8,structured,2,3,128.6,128.6,True,1.0,inferred_single_person_meal,missing,True
base:recipe:frutta-e-grana,base:recipe-version:frutta-e-grana:b8a57004e77f9cca,structured,2,1,120.8,120.8,True,1.0,inferred_single_person_meal,missing,True
base:recipe:frutta-e-grana,base:recipe-version:frutta-e-grana:e22cb752c07b71e7,structured,2,6,127.3,127.3,True,1.0,inferred_single_person_meal,missing,True
base:recipe:frutta-e-grana,base:recipe-version:frutta-e-grana:eab8e6f05d2fd0e9,structured,2,1,116.7,116.7,True,1.0,inferred_single_person_meal,missing,True
base:recipe:frutta-e-mandorle,base:recipe-version:frutta-e-mandorle:c54c36003b8b56a9,structured,2,1,120.4,120.42,True,1.0,inferred_single_person_meal,missing,True
base:recipe:frutta-e-mandorle,base:recipe-version:frutta-e-mandorle:cf32a2fabea95479,structured,2,5,153.1,153.12,True,1.0,inferred_single_person_meal,missing,True
base:recipe:frutta-e-mandorle,base:recipe-version:frutta-e-mandorle:f4946c3f96529e3f,structured,2,1,100.9,100.92,True,1.0,inferred_single_person_meal,missing,True
base:recipe:frutta-e-nocciole,base:recipe-version:frutta-e-nocciole:400146dc9e9c56e4,structured,2,4,110.0,110.04,True,1.0,inferred_single_person_meal,missing,True
base:recipe:frutta-e-nocciole,base:recipe-version:frutta-e-nocciole:62c8e8712f5c0200,structured,2,1,104.8,104.84,True,1.0,inferred_single_person_meal,missing,True
base:recipe:frutta-e-nocciole,base:recipe-version:frutta-e-nocciole:793cbb29b0233305,structured,2,3,117.8,117.84,True,1.0,inferred_single_person_meal,missing,True
base:recipe:frutta-e-nocciole,base:recipe-version:frutta-e-nocciole:971bc3435c9f8b39,structured,2,2,123.4,123.44,True,1.0,inferred_single_person_meal,missing,True
base:recipe:frutta-e-nocciole,base:recipe-version:frutta-e-nocciole:c70cdc861837e7bd,structured,2,3,111.3,111.34,True,1.0,inferred_single_person_meal,missing,True
base:recipe:frutta-e-nocciole,base:recipe-version:frutta-e-nocciole:ca5c53aaebcf9575,structured,2,1,157.0,157.04,True,1.0,inferred_single_person_meal,missing,True
base:recipe:frutta-e-nocciole,base:recipe-version:frutta-e-nocciole:fe52606cbcf0b0a9,structured,2,3,134.2,134.24,True,1.0,inferred_single_person_meal,missing,True
base:recipe:frutta-e-primosale,base:recipe-version:frutta-e-primosale:28e68a4303213a74,structured,2,1,163.4,163.4,True,1.0,inferred_single_person_meal,missing,True
base:recipe:frutta-e-primosale,base:recipe-version:frutta-e-primosale:690fe43b02c41b50,structured,2,2,167.7,167.7,True,1.0,inferred_single_person_meal,missing,True
base:recipe:frutta-e-primosale,base:recipe-version:frutta-e-primosale:d88a0ba0bb75f471,structured,2,4,177.3,177.3,True,1.0,inferred_single_person_meal,missing,True
base:recipe:frutta-e-primosale,base:recipe-version:frutta-e-primosale:f07fbb430fe21152,structured,2,1,149.1,149.1,True,1.0,inferred_single_person_meal,missing,True
base:recipe:frutta-in-porzione-piccola,base:recipe-version:frutta-in-porzione-piccola:00034a19001ca591,structured,1,1,47.0,47.0,True,1.0,inferred_single_person_meal,missing,True
base:recipe:frutta-in-porzione-piccola,base:recipe-version:frutta-in-porzione-piccola:08e3edbd66951d58,structured,1,1,89.0,89.0,True,1.0,inferred_single_person_meal,missing,True
base:recipe:frutta-in-porzione-piccola,base:recipe-version:frutta-in-porzione-piccola:0dc16dbb09870c47,structured,1,1,52.0,52.0,True,1.0,inferred_single_person_meal,missing,True
base:recipe:frutta-in-porzione-piccola,base:recipe-version:frutta-in-porzione-piccola:51e096f8b79efd15,structured,1,1,53.0,53.0,True,1.0,inferred_single_person_meal,missing,True
base:recipe:frutta-in-porzione-piccola,base:recipe-version:frutta-in-porzione-piccola:66f165e587c2dffb,structured,1,1,74.0,74.0,True,1.0,inferred_single_person_meal,missing,True
base:recipe:frutta-in-porzione-piccola,base:recipe-version:frutta-in-porzione-piccola:6bdebfa528d96dc7,structured,1,1,69.0,69.0,True,1.0,inferred_single_person_meal,missing,True
base:recipe:frutta-in-porzione-piccola,base:recipe-version:frutta-in-porzione-piccola:9fa65d918b9175ba,structured,1,1,61.0,61.0,True,1.0,inferred_single_person_meal,missing,True
base:recipe:frutta-in-porzione-piccola,base:recipe-version:frutta-in-porzione-piccola:a1939163477f9174,structured,1,1,57.0,57.0,True,1.0,inferred_single_person_meal,missing,True
base:recipe:frutta-in-porzione-piccola,base:recipe-version:frutta-in-porzione-piccola:e82cc585318b0a53,structured,1,1,42.0,42.0,True,1.0,inferred_single_person_meal,missing,True
base:recipe:gallette-di-riso-e-ricotta,base:recipe-version:gallette-di-riso-e-ricotta:9f304408a83b200d,structured,2,9,90.2,90.24,True,1.0,inferred_single_person_meal,missing,True
base:recipe:jacket-potato-con-tonno-primosale-e-bietole,base:recipe-version:jacket-potato-con-tonno-primosale-e-bietole:39d76c332d82bec4,structured,5,1,433.0,432.97,True,1.0,inferred_single_person_meal,missing,True
base:recipe:jacket-potato-con-tonno-primosale-e-bietole,base:recipe-version:jacket-potato-con-tonno-primosale-e-bietole:52e537bd8acf2f0b,structured,5,1,471.5,471.47,True,1.0,inferred_single_person_meal,missing,True
base:recipe:jacket-potato-con-tonno-primosale-e-radicchio,base:recipe-version:jacket-potato-con-tonno-primosale-e-radicchio:5735e99bd391bf1e,structured,5,1,385.1,385.07,True,1.0,inferred_single_person_meal,missing,True
base:recipe:jacket-potato-con-tonno-primosale-e-radicchio,base:recipe-version:jacket-potato-con-tonno-primosale-e-radicchio:88e89b9d762228b6,structured,6,1,796.4,796.42,True,1.0,inferred_single_person_meal,missing,True
base:recipe:jacket-potato-con-tonno-primosale-e-radicchio,base:recipe-version:jacket-potato-con-tonno-primosale-e-radicchio:f4ef71a79ec7c7d9,structured,5,1,458.2,458.22,True,1.0,inferred_single_person_meal,missing,True
base:recipe:jacket-potato-con-tonno-primosale-e-spinaci,base:recipe-version:jacket-potato-con-tonno-primosale-e-spinaci:0d643e53cee5af46,structured,6,1,754.0,754.02,True,1.0,inferred_single_person_meal,missing,True
base:recipe:jacket-potato-con-tonno-primosale-e-spinaci,base:recipe-version:jacket-potato-con-tonno-primosale-e-spinaci:b4d72c331a9360f4,structured,5,1,427.4,427.42,True,1.0,inferred_single_person_meal,missing,True
base:recipe:jacket-potato-con-tonno-primosale-e-spinaci,base:recipe-version:jacket-potato-con-tonno-primosale-e-spinaci:b806f47f0720c7b8,structured,5,1,489.0,489.02,True,1.0,inferred_single_person_meal,missing,True
base:recipe:kefir-con-fette-classiche-e-confettura,base:recipe-version:kefir-con-fette-classiche-e-confettura:0a94b5180d6811b4,structured,4,2,358.6,358.6,True,1.0,inferred_single_person_meal,missing,True
base:recipe:kefir-con-fette-classiche-e-confettura,base:recipe-version:kefir-con-fette-classiche-e-confettura:0c92a4526db020f1,structured,4,1,345.6,345.6,True,1.0,inferred_single_person_meal,missing,True
base:recipe:kefir-con-fette-classiche-e-confettura,base:recipe-version:kefir-con-fette-classiche-e-confettura:2c2fb270f24d9d24,structured,4,1,352.1,352.1,True,1.0,inferred_single_person_meal,missing,True
base:recipe:kefir-con-fette-classiche-e-confettura,base:recipe-version:kefir-con-fette-classiche-e-confettura:565d49687dc3de64,structured,4,2,390.6,390.6,True,1.0,inferred_single_person_meal,missing,True
base:recipe:kefir-con-fette-classiche-e-confettura,base:recipe-version:kefir-con-fette-classiche-e-confettura:957634af85ac4a41,structured,4,1,359.9,359.9,True,1.0,inferred_single_person_meal,missing,True
base:recipe:kefir-con-fette-classiche-e-confettura,base:recipe-version:kefir-con-fette-classiche-e-confettura:ca779e18c3f24413,structured,4,2,365.1,365.1,True,1.0,inferred_single_person_meal,missing,True
base:recipe:kefir-con-fette-classiche-e-confettura,base:recipe-version:kefir-con-fette-classiche-e-confettura:d66602f1f4ac41ea,structured,4,2,379.8,379.8,True,1.0,inferred_single_person_meal,missing,True
base:recipe:kefir-e-fette-classiche,base:recipe-version:kefir-e-fette-classiche:4c24043bb18dbd80,structured,2,15,161.8,161.8,True,1.0,inferred_single_person_meal,missing,True
base:recipe:kefir-e-frutta,base:recipe-version:kefir-e-frutta:47da41e20e20f205,structured,2,1,155.7,155.7,True,1.0,inferred_single_person_meal,missing,True
base:recipe:kefir-e-frutta,base:recipe-version:kefir-e-frutta:5d2d12ec2da1027a,structured,2,2,150.1,150.1,True,1.0,inferred_single_person_meal,missing,True
base:recipe:kefir-e-frutta,base:recipe-version:kefir-e-frutta:683adf11bb4e919e,structured,2,1,143.6,143.6,True,1.0,inferred_single_person_meal,missing,True
base:recipe:kefir-e-frutta,base:recipe-version:kefir-e-frutta:9d9d38ab49b00b02,structured,2,3,156.6,156.6,True,1.0,inferred_single_person_meal,missing,True
base:recipe:kefir-piccolo,base:recipe-version:kefir-piccolo:0120716d4b11c95a,structured,1,9,66.0,66.0,True,1.0,inferred_single_person_meal,missing,True
base:recipe:kofte-di-tacchino-delicati-con-riso-e-bietole,base:recipe-version:kofte-di-tacchino-delicati-con-riso-e-bietole:2bd7b2cacf7c8223,structured,6,1,452.2,452.18,True,1.0,inferred_single_person_meal,missing,True
base:recipe:kofte-di-tacchino-delicati-con-riso-e-bietole,base:recipe-version:kofte-di-tacchino-delicati-con-riso-e-bietole:578e4e1bfe17ab7a,structured,7,1,473.4,473.38,True,1.0,inferred_single_person_meal,missing,True
base:recipe:kofte-di-tacchino-delicati-con-riso-e-carote,base:recipe-version:kofte-di-tacchino-delicati-con-riso-e-carote:f7b3875932ca827f,structured,6,1,485.2,485.18,True,1.0,inferred_single_person_meal,missing,True
base:recipe:kofte-di-tacchino-delicati-con-riso-e-pomodori,base:recipe-version:kofte-di-tacchino-delicati-con-riso-e-pomodori:c9b5203823160ba9,structured,6,1,450.7,450.68,True,1.0,inferred_single_person_meal,missing,True
base:recipe:kofte-di-tacchino-delicati-con-riso-e-radicchio,base:recipe-version:kofte-di-tacchino-delicati-con-riso-e-radicchio:53d6ef52b4a5cd5c,structured,6,1,460.2,460.18,True,1.0,inferred_single_person_meal,missing,True
base:recipe:kofte-di-tacchino-delicati-con-riso-e-spinaci,base:recipe-version:kofte-di-tacchino-delicati-con-riso-e-spinaci:ed32769eca60a57a,structured,6,1,431.5,431.54,True,1.0,inferred_single_person_meal,missing,True
base:recipe:latte-corn-flakes-e-frutta,base:recipe-version:latte-corn-flakes-e-frutta:489c786e4e4694d6,structured,4,1,386.4,386.41,True,1.0,inferred_single_person_meal,missing,True
base:recipe:latte-corn-flakes-e-frutta,base:recipe-version:latte-corn-flakes-e-frutta:cf62f1c1f1381a34,structured,4,1,347.2,347.21,True,1.0,inferred_single_person_meal,missing,True
base:recipe:latte-e-frutta,base:recipe-version:latte-e-frutta:52f50bbedb3cc959,structured,2,2,156.9,156.9,True,1.0,inferred_single_person_meal,missing,True
base:recipe:latte-e-frutta,base:recipe-version:latte-e-frutta:5810692902d5524f,structured,2,8,189.6,189.6,True,1.0,inferred_single_person_meal,missing,True
base:recipe:latte-e-frutta,base:recipe-version:latte-e-frutta:8c4d1165cce186f8,structured,2,2,151.7,151.7,True,1.0,inferred_single_person_meal,missing,True
base:recipe:latte-e-frutta,base:recipe-version:latte-e-frutta:be9de76ab5b19d0a,structured,2,1,143.9,143.9,True,1.0,inferred_single_person_meal,missing,True
base:recipe:latte-e-gallette-di-riso,base:recipe-version:latte-e-gallette-di-riso:0305150caf7bf7be,structured,2,20,161.7,161.66,True,1.0,inferred_single_person_meal,missing,True
base:recipe:latte-piccolo,base:recipe-version:latte-piccolo:af0c44c699cd8ae3,structured,1,9,69.0,69.0,True,1.0,inferred_single_person_meal,missing,True
base:recipe:manzo-magro-con-pane-bianco-e-carote,base:recipe-version:manzo-magro-con-pane-bianco-e-carote:584e027f54d81f53,structured,4,1,527.7,527.68,True,1.0,inferred_single_person_meal,missing,True
base:recipe:manzo-magro-con-pane-bianco-e-carote,base:recipe-version:manzo-magro-con-pane-bianco-e-carote:e17472dbd25f8c15,structured,4,1,399.6,399.57,True,1.0,inferred_single_person_meal,missing,True
base:recipe:manzo-magro-con-pane-bianco-e-cavolfiore,base:recipe-version:manzo-magro-con-pane-bianco-e-cavolfiore:09d23863cdb9eb6e,structured,4,1,461.7,461.7,True,1.0,inferred_single_person_meal,missing,True
base:recipe:manzo-magro-con-pane-bianco-e-cavolfiore,base:recipe-version:manzo-magro-con-pane-bianco-e-cavolfiore:11cfa27e2c7c26ad,structured,5,1,729.6,729.58,True,1.0,inferred_single_person_meal,missing,True
base:recipe:manzo-magro-con-pane-bianco-e-zucchine,base:recipe-version:manzo-magro-con-pane-bianco-e-zucchine:a7b476a5b5a0d662,structured,4,1,396.1,396.12,True,1.0,inferred_single_person_meal,missing,True
base:recipe:manzo-magro-con-polenta-e-carote,base:recipe-version:manzo-magro-con-polenta-e-carote:c034ee16ad5033e0,structured,4,1,477.7,477.68,True,1.0,inferred_single_person_meal,missing,True
base:recipe:manzo-magro-con-polenta-e-zucchine,base:recipe-version:manzo-magro-con-polenta-e-zucchine:6497ec9726ad6c1b,structured,4,1,434.5,434.48,True,1.0,inferred_single_person_meal,missing,True
base:recipe:merluzzo-con-patate-e-bietole,base:recipe-version:merluzzo-con-patate-e-bietole:d178944750ee4438,structured,5,1,449.0,449.04,True,1.0,inferred_single_person_meal,missing,True
base:recipe:merluzzo-con-patate-e-cavolfiore,base:recipe-version:merluzzo-con-patate-e-cavolfiore:2e0a3d9a14d82fa0,structured,4,1,399.3,399.34,True,1.0,inferred_single_person_meal,missing,True
base:recipe:mini-mozzarella-e-frutta,base:recipe-version:mini-mozzarella-e-frutta:4d74648cf26002ef,structured,2,1,231.8,231.8,True,1.0,inferred_single_person_meal,missing,True
base:recipe:mini-mozzarella-e-frutta,base:recipe-version:mini-mozzarella-e-frutta:a03f0d2b85fcd141,structured,2,1,198.2,198.2,True,1.0,inferred_single_person_meal,missing,True
base:recipe:mini-mozzarella-e-frutta,base:recipe-version:mini-mozzarella-e-frutta:d4970970de0e2aab,structured,2,3,192.6,192.6,True,1.0,inferred_single_person_meal,missing,True
base:recipe:mini-mozzarella-e-frutta,base:recipe-version:mini-mozzarella-e-frutta:d50104179f7dd94e,structured,2,3,193.9,193.9,True,1.0,inferred_single_person_meal,missing,True
base:recipe:mini-panino-bianco-con-bresaola,base:recipe-version:mini-panino-bianco-con-bresaola:7479944e46394c7c,structured,2,1,132.8,132.8,True,1.0,inferred_single_person_meal,missing,True
base:recipe:mini-panino-bianco-con-bresaola,base:recipe-version:mini-panino-bianco-con-bresaola:b48622af1e275f0f,structured,2,17,138.1,138.05,True,1.0,inferred_single_person_meal,missing,True
base:recipe:mini-panino-con-tacchino-a-fette,base:recipe-version:mini-panino-con-tacchino-a-fette:898c8264b59b67d8,structured,2,8,140.0,140.0,True,1.0,inferred_single_person_meal,missing,True
base:recipe:mini-piadina-con-tacchino-e-robiola,base:recipe-version:mini-piadina-con-tacchino-e-robiola:56c4ffbd2213f20d,structured,4,2,417.7,417.7,True,1.0,inferred_single_person_meal,missing,True
base:recipe:mini-piadina-con-tacchino-e-robiola,base:recipe-version:mini-piadina-con-tacchino-e-robiola:82b30f81245be73d,structured,4,1,413.4,413.4,True,1.0,inferred_single_person_meal,missing,True
base:recipe:mini-piadina-con-tacchino-e-robiola,base:recipe-version:mini-piadina-con-tacchino-e-robiola:84945f17e68be9e8,structured,4,1,451.3,451.3,True,1.0,inferred_single_person_meal,missing,True
base:recipe:mini-piadina-con-tacchino-e-robiola,base:recipe-version:mini-piadina-con-tacchino-e-robiola:a13b6e47fda1968b,structured,4,1,399.1,399.1,True,1.0,inferred_single_person_meal,missing,True
base:recipe:mini-piadina-con-tacchino-e-robiola,base:recipe-version:mini-piadina-con-tacchino-e-robiola:a3ee748df4965850,structured,4,2,418.6,418.6,True,1.0,inferred_single_person_meal,missing,True
base:recipe:mini-piadina-con-tacchino-e-robiola,base:recipe-version:mini-piadina-con-tacchino-e-robiola:a9b830a3c5b09b17,structured,4,4,412.1,412.1,True,1.0,inferred_single_person_meal,missing,True
base:recipe:mozzarella-e-pomodorini,base:recipe-version:mozzarella-e-pomodorini:ed19c9fabc9729ed,structured,2,9,143.0,143.0,True,1.0,inferred_single_person_meal,missing,True
base:recipe:nasello-con-pane-bianco-e-fagiolini,base:recipe-version:nasello-con-pane-bianco-e-fagiolini:c2d1f365a35492b7,structured,4,1,422.6,422.62,True,1.0,inferred_single_person_meal,missing,True
base:recipe:nasello-con-pane-bianco-e-finocchi,base:recipe-version:nasello-con-pane-bianco-e-finocchi:fb6cecf679eeabdd,structured,4,1,386.8,386.82,True,1.0,inferred_single_person_meal,missing,True
base:recipe:nasello-con-pane-bianco-e-radicchio,base:recipe-version:nasello-con-pane-bianco-e-radicchio:e5aa19fc76b39721,structured,4,1,424.2,424.24,True,1.0,inferred_single_person_meal,missing,True
base:recipe:nasello-con-pane-bianco-e-spinaci,base:recipe-version:nasello-con-pane-bianco-e-spinaci:107aea51ceccbf4b,structured,4,1,434.7,434.74,True,1.0,inferred_single_person_meal,missing,True
base:recipe:noodles-di-riso-con-pollo-e-bietole,base:recipe-version:noodles-di-riso-con-pollo-e-bietole:0f02d14b9aa8eefb,structured,6,1,412.7,412.71,True,1.0,inferred_single_person_meal,missing,True
base:recipe:noodles-di-riso-con-pollo-e-finocchi,base:recipe-version:noodles-di-riso-con-pollo-e-finocchi:1145cdd2934760b8,structured,6,1,422.7,422.71,True,1.0,inferred_single_person_meal,missing,True
base:recipe:noodles-di-riso-con-pollo-e-finocchi,base:recipe-version:noodles-di-riso-con-pollo-e-finocchi:2ba940cf86c249a7,structured,6,2,430.7,430.71,True,1.0,inferred_single_person_meal,missing,True
base:recipe:noodles-di-riso-con-pollo-e-finocchi,base:recipe-version:noodles-di-riso-con-pollo-e-finocchi:77b54f21408e063d,structured,8,1,700.7,700.71,True,1.0,inferred_single_person_meal,missing,True
base:recipe:noodles-di-riso-con-pollo-e-radicchio,base:recipe-version:noodles-di-riso-con-pollo-e-radicchio:175403d7d56ca630,structured,7,1,471.5,471.51,True,1.0,inferred_single_person_meal,missing,True
base:recipe:omelette-alla-feta-con-pane-bianco,base:recipe-version:omelette-alla-feta-con-pane-bianco:2d7c2704e28cc3ef,structured,4,1,401.7,401.7,True,1.0,inferred_single_person_meal,missing,True
base:recipe:omelette-alla-feta-con-pane-bianco,base:recipe-version:omelette-alla-feta-con-pane-bianco:3fd115ce6030c5aa,structured,4,2,417.3,417.3,True,1.0,inferred_single_person_meal,missing,True
base:recipe:omelette-alla-feta-con-pane-bianco,base:recipe-version:omelette-alla-feta-con-pane-bianco:5aa2b5a6c5b8a50a,structured,4,1,414.9,414.95,True,1.0,inferred_single_person_meal,missing,True
base:recipe:omelette-alla-feta-con-pane-bianco,base:recipe-version:omelette-alla-feta-con-pane-bianco:70c9637ce1e2a8a0,structured,4,1,375.1,375.1,True,1.0,inferred_single_person_meal,missing,True
base:recipe:omelette-alla-feta-con-pane-bianco,base:recipe-version:omelette-alla-feta-con-pane-bianco:b1898f8db236dc41,structured,4,1,410.6,410.65,True,1.0,inferred_single_person_meal,missing,True
base:recipe:omelette-alla-feta-con-pane-bianco,base:recipe-version:omelette-alla-feta-con-pane-bianco:bd44db62cadf4a80,structured,4,1,422.1,422.1,True,1.0,inferred_single_person_meal,missing,True
base:recipe:omelette-alla-feta-con-pane-bianco,base:recipe-version:omelette-alla-feta-con-pane-bianco:e9af1896d5db22b9,structured,4,1,402.6,402.6,True,1.0,inferred_single_person_meal,missing,True
base:recipe:omelette-alla-feta-con-pane-bianco,base:recipe-version:omelette-alla-feta-con-pane-bianco:fc60ecc67f252138,structured,4,1,415.9,415.85,True,1.0,inferred_single_person_meal,missing,True
base:recipe:orata-con-patate-e-bietole,base:recipe-version:orata-con-patate-e-bietole:f7dd5fe6df51d49e,structured,4,1,450.2,450.24,True,1.0,inferred_single_person_meal,missing,True
base:recipe:orata-con-patate-e-carote,base:recipe-version:orata-con-patate-e-carote:d0dd38aec06eb42b,structured,4,1,436.4,436.37,True,1.0,inferred_single_person_meal,missing,True
base:recipe:pancake-di-farina-00-e-ricotta,base:recipe-version:pancake-di-farina-00-e-ricotta:bd48162fd8d11404,structured,5,1,399.4,399.4,True,1.0,inferred_single_person_meal,missing,True
base:recipe:pancake-di-farina-00-e-ricotta,base:recipe-version:pancake-di-farina-00-e-ricotta:d50ee1da31649cbc,structured,5,1,385.1,385.1,True,1.0,inferred_single_person_meal,missing,True
base:recipe:pancake-di-farina-00-e-ricotta,base:recipe-version:pancake-di-farina-00-e-ricotta:e5be5645f16fd43b,structured,5,2,398.1,398.1,True,1.0,inferred_single_person_meal,missing,True
base:recipe:pancake-di-farina-00-e-ricotta,base:recipe-version:pancake-di-farina-00-e-ricotta:e78d2b0d38b9efc5,structured,5,2,404.6,404.6,True,1.0,inferred_single_person_meal,missing,True
base:recipe:pancake-di-farina-00-e-ricotta,base:recipe-version:pancake-di-farina-00-e-ricotta:fa298161ddd6d4f2,structured,5,1,379.9,379.9,True,1.0,inferred_single_person_meal,missing,True
base:recipe:pane-bianco-con-bresaola-mozzarella-e-carciofi,base:recipe-version:pane-bianco-con-bresaola-mozzarella-e-carciofi:c8ecd1ee30930220,structured,4,1,424.6,424.65,True,1.0,inferred_single_person_meal,missing,True
base:recipe:pane-bianco-con-bresaola-robiola-e-broccoli,base:recipe-version:pane-bianco-con-bresaola-robiola-e-broccoli:7b3be6bb3f63a7e3,structured,4,1,403.4,403.4,True,1.0,inferred_single_person_meal,missing,True
base:recipe:pane-bianco-con-mozzarella-e-pomodoro,base:recipe-version:pane-bianco-con-mozzarella-e-pomodoro:0f1cfe5a0b37ce22,structured,4,1,401.1,401.1,True,1.0,inferred_single_person_meal,missing,True
base:recipe:pane-bianco-con-mozzarella-e-pomodoro,base:recipe-version:pane-bianco-con-mozzarella-e-pomodoro:239d355c8a7952d6,structured,4,1,373.7,373.7,True,1.0,inferred_single_person_meal,missing,True
base:recipe:pane-bianco-con-mozzarella-e-pomodoro,base:recipe-version:pane-bianco-con-mozzarella-e-pomodoro:35fb5f2be15a587d,structured,4,1,415.8,415.8,True,1.0,inferred_single_person_meal,missing,True
base:recipe:pane-bianco-con-mozzarella-e-pomodoro,base:recipe-version:pane-bianco-con-mozzarella-e-pomodoro:5781c3819a694901,structured,4,1,392.1,392.1,True,1.0,inferred_single_person_meal,missing,True
base:recipe:pane-bianco-con-mozzarella-e-pomodoro,base:recipe-version:pane-bianco-con-mozzarella-e-pomodoro:7cdba8b4c0ab3edc,structured,4,1,386.9,386.85,True,1.0,inferred_single_person_meal,missing,True
base:recipe:pane-bianco-con-mozzarella-e-pomodoro,base:recipe-version:pane-bianco-con-mozzarella-e-pomodoro:9a335ac12a6193ae,structured,4,1,433.8,433.8,True,1.0,inferred_single_person_meal,missing,True
base:recipe:pane-bianco-con-mozzarella-e-pomodoro,base:recipe-version:pane-bianco-con-mozzarella-e-pomodoro:d0bf82b30df40ac8,structured,4,1,387.9,387.85,True,1.0,inferred_single_person_meal,missing,True
base:recipe:pane-bianco-con-mozzarella-e-pomodoro,base:recipe-version:pane-bianco-con-mozzarella-e-pomodoro:d4fa14bfcb3b04d8,structured,4,1,395.9,395.9,True,1.0,inferred_single_person_meal,missing,True
base:recipe:pane-bianco-con-mozzarella-e-pomodoro,base:recipe-version:pane-bianco-con-mozzarella-e-pomodoro:e30e587bd290256d,structured,4,1,424.8,424.8,True,1.0,inferred_single_person_meal,missing,True
base:recipe:pane-bianco-con-prosciutto-cotto-primosale-e-pomodori,base:recipe-version:pane-bianco-con-prosciutto-cotto-primosale-e-pomodori:753b8e904a7654b7,structured,4,1,509.5,509.5,True,1.0,inferred_single_person_meal,missing,True
base:recipe:pane-bianco-con-tacchino-a-fette-mozzarella-e-broccoli,base:recipe-version:pane-bianco-con-tacchino-a-fette-mozzarella-e-broccoli:7cad5061b1af657c,structured,4,1,457.2,457.25,True,1.0,inferred_single_person_meal,missing,True
base:recipe:pane-bianco-con-tacchino-a-fette-primosale-e-radicchio,base:recipe-version:pane-bianco-con-tacchino-a-fette-primosale-e-radicchio:cb496f723d77c4ba,structured,4,1,439.2,439.25,True,1.0,inferred_single_person_meal,missing,True
base:recipe:pane-bianco-e-uovo-sodo,base:recipe-version:pane-bianco-e-uovo-sodo:cc72ed269e031a57,structured,2,12,151.0,151.0,True,1.0,inferred_single_person_meal,missing,True
base:recipe:pane-di-segale-robiola-e-pera,base:recipe-version:pane-di-segale-robiola-e-pera:4c0ce9c99fee421c,structured,4,1,281.9,281.9,True,1.0,inferred_single_person_meal,missing,True
base:recipe:pane-di-segale-robiola-e-pera,base:recipe-version:pane-di-segale-robiola-e-pera:6299e74309b9fcd0,structured,4,2,301.4,301.4,True,1.0,inferred_single_person_meal,missing,True
base:recipe:pane-di-segale-robiola-e-pera,base:recipe-version:pane-di-segale-robiola-e-pera:899d05fea260dc77,structured,4,2,326.9,326.9,True,1.0,inferred_single_person_meal,missing,True
base:recipe:pane-di-segale-robiola-e-pera,base:recipe-version:pane-di-segale-robiola-e-pera:90cb97fa4e2a5372,structured,4,1,316.1,316.1,True,1.0,inferred_single_person_meal,missing,True
base:recipe:pane-di-segale-robiola-e-pera,base:recipe-version:pane-di-segale-robiola-e-pera:bb18609d5a39569d,structured,4,1,300.5,300.5,True,1.0,inferred_single_person_meal,missing,True
base:recipe:pane-di-segale-robiola-e-pera,base:recipe-version:pane-di-segale-robiola-e-pera:bdf0fbc211bec53a,structured,4,1,334.1,334.1,True,1.0,inferred_single_person_meal,missing,True
base:recipe:pane-di-segale-robiola-e-pera,base:recipe-version:pane-di-segale-robiola-e-pera:d0f5fce67f36273f,structured,4,2,296.2,296.2,True,1.0,inferred_single_person_meal,missing,True
base:recipe:pane-integrale-primosale-e-frutta,base:recipe-version:pane-integrale-primosale-e-frutta:24c98f8cb23c1db1,structured,3,1,360.6,360.6,True,1.0,inferred_single_person_meal,missing,True
base:recipe:pane-integrale-primosale-e-frutta,base:recipe-version:pane-integrale-primosale-e-frutta:83e53f1342fd5361,structured,3,1,349.8,349.8,True,1.0,inferred_single_person_meal,missing,True
base:recipe:pasta-con-crema-di-cannellini-e-funghi,base:recipe-version:pasta-con-crema-di-cannellini-e-funghi:e2f9c03382aeb39e,structured,6,1,458.5,458.54,True,1.0,inferred_single_person_meal,missing,True
base:recipe:pasta-con-crema-di-lenticchie-e-carote,base:recipe-version:pasta-con-crema-di-lenticchie-e-carote:db7d19be9c9a8be9,structured,5,1,396.9,396.94,True,1.0,inferred_single_person_meal,missing,True
base:recipe:pasta-con-crema-di-lenticchie-e-zucchine,base:recipe-version:pasta-con-crema-di-lenticchie-e-zucchine:3bdab321be6f61ff,structured,6,1,436.9,436.94,True,1.0,inferred_single_person_meal,missing,True
base:recipe:pasta-con-crema-di-piselli-e-spinaci,base:recipe-version:pasta-con-crema-di-piselli-e-spinaci:c367a1f59fda02b3,structured,6,1,431.2,431.24,True,1.0,inferred_single_person_meal,missing,True
base:recipe:pasta-con-gamberi-e-broccoli,base:recipe-version:pasta-con-gamberi-e-broccoli:bfe2d50e2d3dfbd5,structured,5,1,445.7,445.7,True,1.0,inferred_single_person_meal,missing,True
base:recipe:pasta-con-gamberi-e-spinaci,base:recipe-version:pasta-con-gamberi-e-spinaci:b49373180d3164d9,structured,5,1,416.1,416.12,True,1.0,inferred_single_person_meal,missing,True
base:recipe:pasta-con-mozzarella-e-radicchio,base:recipe-version:pasta-con-mozzarella-e-radicchio:07856d15efd46b35,structured,5,1,423.8,423.77,True,1.0,inferred_single_person_meal,missing,True
base:recipe:pasta-con-pollo-e-cavolfiore,base:recipe-version:pasta-con-pollo-e-cavolfiore:1c1feaf83b6eb375,structured,5,1,423.4,423.4,True,1.0,inferred_single_person_meal,missing,True
base:recipe:pasta-con-ricotta-e-funghi,base:recipe-version:pasta-con-ricotta-e-funghi:03433e2f5f78a377,structured,5,1,432.4,432.4,True,1.0,inferred_single_person_meal,missing,True
base:recipe:pasta-con-ricotta-e-lattuga,base:recipe-version:pasta-con-ricotta-e-lattuga:308769defe7b43ae,structured,5,1,420.5,420.5,True,1.0,inferred_single_person_meal,missing,True
base:recipe:pasta-con-tacchino-e-bietole,base:recipe-version:pasta-con-tacchino-e-bietole:881bb6a255af0278,structured,5,1,418.2,418.2,True,1.0,inferred_single_person_meal,missing,True
base:recipe:pasta-con-tacchino-e-zucca,base:recipe-version:pasta-con-tacchino-e-zucca:9a39bc782bd38c97,structured,5,1,430.1,430.1,True,1.0,inferred_single_person_meal,missing,True
base:recipe:pasta-con-tonno-e-finocchi,base:recipe-version:pasta-con-tonno-e-finocchi:60531887a657020e,structured,5,1,406.4,406.36,True,1.0,inferred_single_person_meal,missing,True
base:recipe:pasta-integrale-con-mozzarella-e-spinaci,base:recipe-version:pasta-integrale-con-mozzarella-e-spinaci:b1b8477373d23d66,structured,4,1,455.8,455.8,True,1.0,inferred_single_person_meal,missing,True
base:recipe:pasta-integrale-con-pollo-e-carote,base:recipe-version:pasta-integrale-con-pollo-e-carote:e16c7d0561e5db8f,structured,5,1,436.1,436.12,True,1.0,inferred_single_person_meal,missing,True
base:recipe:pasta-integrale-con-tonno-e-carote,base:recipe-version:pasta-integrale-con-tonno-e-carote:52ddcc5f5c887c89,structured,5,1,430.4,430.45,True,1.0,inferred_single_person_meal,missing,True
base:recipe:pasto-flessibile-bowl-greca-con-pollo-riso-e-feta,base:recipe-version:pasto-flessibile-bowl-greca-con-pollo-riso-e-feta:bdea361bfb3a15f2,unstructured_estimate,0,1,800.0,800.0,,1.0,inferred_single_person_meal,missing,False
base:recipe:pasto-flessibile-burger-di-tacchino-patate-al-forno-e-insalata,base:recipe-version:pasto-flessibile-burger-di-tacchino-patate-al-forno-e-insalata:18cdef82a0564a94,unstructured_estimate,0,1,850.0,850.0,,1.0,inferred_single_person_meal,missing,False
base:recipe:pasto-flessibile-couscous-con-pollo-e-verdure-spezie-minime,base:recipe-version:pasto-flessibile-couscous-con-pollo-e-verdure-spezie-minime:188c63d472842e3e,unstructured_estimate,0,1,800.0,800.0,,1.0,inferred_single_person_meal,missing,False
base:recipe:pasto-flessibile-croque-monsieur-leggero-e-contorno,base:recipe-version:pasto-flessibile-croque-monsieur-leggero-e-contorno:4c95f50455838863,unstructured_estimate,0,1,780.0,780.0,,1.0,inferred_single_person_meal,missing,False
base:recipe:pasto-flessibile-curry-delicato-di-pollo-con-riso-basmati,base:recipe-version:pasto-flessibile-curry-delicato-di-pollo-con-riso-basmati:735fe1b8a1d300ef,unstructured_estimate,0,1,810.0,810.0,,1.0,inferred_single_person_meal,missing,False
base:recipe:pasto-flessibile-gnocchi-al-pomodoro-mozzarella-e-contorno,base:recipe-version:pasto-flessibile-gnocchi-al-pomodoro-mozzarella-e-contorno:8f265cd07e754eb3,unstructured_estimate,0,1,790.0,790.0,,1.0,inferred_single_person_meal,missing,False
base:recipe:pasto-flessibile-lasagna-al-ragu-e-verdure-cotte,base:recipe-version:pasto-flessibile-lasagna-al-ragu-e-verdure-cotte:16dbe32007b44acf,unstructured_estimate,0,1,840.0,840.0,,1.0,inferred_single_person_meal,missing,False
base:recipe:pasto-flessibile-piadina-con-cotto-mozzarella-e-verdure,base:recipe-version:pasto-flessibile-piadina-con-cotto-mozzarella-e-verdure:d0cdaaabc3931448,unstructured_estimate,0,1,780.0,780.0,,1.0,inferred_single_person_meal,missing,False
base:recipe:pasto-flessibile-pizza-margherita-e-contorno-cotto,base:recipe-version:pasto-flessibile-pizza-margherita-e-contorno-cotto:b7657ff281710f35,unstructured_estimate,0,1,820.0,820.0,,1.0,inferred_single_person_meal,missing,False
base:recipe:pasto-flessibile-poke-con-salmone-riso-e-verdure,base:recipe-version:pasto-flessibile-poke-con-salmone-riso-e-verdure:90ba04e9f9d35bf8,unstructured_estimate,0,1,820.0,820.0,,1.0,inferred_single_person_meal,missing,False
base:recipe:pasto-flessibile-polpette-svedesi-con-purea-di-patate,base:recipe-version:pasto-flessibile-polpette-svedesi-con-purea-di-patate:9fc3aae3233c6a8a,unstructured_estimate,0,1,820.0,820.0,,1.0,inferred_single_person_meal,missing,False
base:recipe:pasto-flessibile-ramen-delicato-con-pollo-senza-piccante,base:recipe-version:pasto-flessibile-ramen-delicato-con-pollo-senza-piccante:593be4b533467034,unstructured_estimate,0,1,850.0,850.0,,1.0,inferred_single_person_meal,missing,False
base:recipe:pasto-flessibile-ravioli-ricotta-e-spinaci-contorno-e-piccolo-dolce,base:recipe-version:pasto-flessibile-ravioli-ricotta-e-spinaci-contorno-e-piccolo-dolce:1de614cd4828c63a,unstructured_estimate,0,1,880.0,880.0,,1.0,inferred_single_person_meal,missing,False
base:recipe:pasto-flessibile-riso-cantonese-delicato-con-pollo-e-uovo,base:recipe-version:pasto-flessibile-riso-cantonese-delicato-con-pollo-e-uovo:c4af8b3db18baf92,unstructured_estimate,0,1,810.0,810.0,,1.0,inferred_single_person_meal,missing,False
base:recipe:pasto-flessibile-risotto-ai-funghi-e-piccolo-secondo-di-pollo,base:recipe-version:pasto-flessibile-risotto-ai-funghi-e-piccolo-secondo-di-pollo:14d424b24aa02cd4,unstructured_estimate,0,1,860.0,860.0,,1.0,inferred_single_person_meal,missing,False
base:recipe:pasto-flessibile-sushi-delicato-misto-senza-salse-piccanti,base:recipe-version:pasto-flessibile-sushi-delicato-misto-senza-salse-piccanti:7d4335563ee1c68c,unstructured_estimate,0,1,820.0,820.0,,1.0,inferred_single_person_meal,missing,False
base:recipe:pasto-flessibile-tagliatelle-al-ragu-e-piccolo-dessert,base:recipe-version:pasto-flessibile-tagliatelle-al-ragu-e-piccolo-dessert:8d3aaca1bb17d7a9,unstructured_estimate,0,1,900.0,900.0,,1.0,inferred_single_person_meal,missing,False
base:recipe:pasto-flessibile-tortilla-spagnola-e-pane,base:recipe-version:pasto-flessibile-tortilla-spagnola-e-pane:7a09622330c0f25c,unstructured_estimate,0,1,790.0,790.0,,1.0,inferred_single_person_meal,missing,False
base:recipe:patate-con-crema-di-borlotti-e-finocchi,base:recipe-version:patate-con-crema-di-borlotti-e-finocchi:896f7b97439bd61f,structured,5,1,359.6,359.64,True,1.0,inferred_single_person_meal,missing,True
base:recipe:patate-con-crema-di-borlotti-e-melanzane,base:recipe-version:patate-con-crema-di-borlotti-e-melanzane:5b22336a355001da,structured,6,1,424.8,424.84,True,1.0,inferred_single_person_meal,missing,True
base:recipe:patate-con-crema-di-piselli-e-fagiolini,base:recipe-version:patate-con-crema-di-piselli-e-fagiolini:bd3f2ccd5bfa8ba0,structured,7,1,422.6,422.64,True,1.0,inferred_single_person_meal,missing,True
base:recipe:patate-con-crema-di-piselli-e-spinaci,base:recipe-version:patate-con-crema-di-piselli-e-spinaci:59036389bb2efb60,structured,7,1,398.3,398.34,True,1.0,inferred_single_person_meal,missing,True
base:recipe:piadina-con-bresaola-mozzarella-e-carote,base:recipe-version:piadina-con-bresaola-mozzarella-e-carote:110896ce57a353b4,structured,4,1,392.1,392.15,True,1.0,inferred_single_person_meal,missing,True
base:recipe:piadina-con-bresaola-robiola-e-zucca,base:recipe-version:piadina-con-bresaola-robiola-e-zucca:678dc2678f33097c,structured,4,1,509.6,509.65,True,1.0,inferred_single_person_meal,missing,True
base:recipe:piadina-con-prosciutto-cotto-robiola-e-carciofi,base:recipe-version:piadina-con-prosciutto-cotto-robiola-e-carciofi:bbf01ab372f91ff1,structured,5,1,406.2,406.25,True,1.0,inferred_single_person_meal,missing,True
base:recipe:piadina-con-tacchino-a-fette-mozzarella-e-pomodori,base:recipe-version:piadina-con-tacchino-a-fette-mozzarella-e-pomodori:263bce48b9c42ae7,structured,4,1,393.0,393.0,True,1.0,inferred_single_person_meal,missing,True
base:recipe:piadina-con-tacchino-a-fette-primosale-e-carote,base:recipe-version:piadina-con-tacchino-a-fette-primosale-e-carote:7d154b18cc99f2c9,structured,4,1,393.0,393.0,True,1.0,inferred_single_person_meal,missing,True
base:recipe:piadina-mini-con-ricotta,base:recipe-version:piadina-mini-con-ricotta:09c4f393f702c181,structured,2,15,166.6,166.6,True,1.0,inferred_single_person_meal,missing,True
base:recipe:piadina-mini-con-ricotta,base:recipe-version:piadina-mini-con-ricotta:14c972e7099a49db,structured,3,1,228.9,228.9,True,1.0,inferred_single_person_meal,missing,True
base:recipe:piatto-caldo-con-feta-patate-e-broccoli,base:recipe-version:piatto-caldo-con-feta-patate-e-broccoli:dffc19efa2622b11,structured,5,1,518.1,518.15,True,1.0,inferred_single_person_meal,missing,True
base:recipe:piatto-caldo-con-feta-polenta-e-spinaci,base:recipe-version:piatto-caldo-con-feta-polenta-e-spinaci:3c5c5487d0aa86fd,structured,4,1,419.8,419.85,True,1.0,inferred_single_person_meal,missing,True
base:recipe:piatto-caldo-con-mozzarella-pane-bianco-e-bietole,base:recipe-version:piatto-caldo-con-mozzarella-pane-bianco-e-bietole:d0806959e6f7e830,structured,4,1,448.2,448.22,True,1.0,inferred_single_person_meal,missing,True
base:recipe:piatto-caldo-con-mozzarella-patate-e-bietole,base:recipe-version:piatto-caldo-con-mozzarella-patate-e-bietole:5101ef1a81ce8bd4,structured,4,1,459.0,458.97,True,1.0,inferred_single_person_meal,missing,True
base:recipe:piatto-caldo-con-primosale-pane-bianco-e-finocchi,base:recipe-version:piatto-caldo-con-primosale-pane-bianco-e-finocchi:9c0dcc5da2baa524,structured,4,1,527.8,527.77,True,1.0,inferred_single_person_meal,missing,True
base:recipe:piatto-caldo-con-primosale-riso-e-radicchio,base:recipe-version:piatto-caldo-con-primosale-riso-e-radicchio:9277611001a02ab9,structured,4,1,422.0,422.02,True,1.0,inferred_single_person_meal,missing,True
base:recipe:piatto-caldo-con-ricotta-pane-bianco-e-finocchi,base:recipe-version:piatto-caldo-con-ricotta-pane-bianco-e-finocchi:08857bec84d89f72,structured,5,1,477.0,477.02,True,1.0,inferred_single_person_meal,missing,True
base:recipe:piatto-caldo-con-ricotta-pane-bianco-e-lattuga,base:recipe-version:piatto-caldo-con-ricotta-pane-bianco-e-lattuga:3902a17753d83a21,structured,5,1,458.0,458.02,True,1.0,inferred_single_person_meal,missing,True
base:recipe:piatto-caldo-con-ricotta-patate-e-cavolfiore,base:recipe-version:piatto-caldo-con-ricotta-patate-e-cavolfiore:052a0530d763a51b,structured,5,1,487.6,487.6,True,1.0,inferred_single_person_meal,missing,True
base:recipe:piatto-caldo-con-robiola-polenta-e-bietole,base:recipe-version:piatto-caldo-con-robiola-polenta-e-bietole:188ba8ebd2c9e2b8,structured,5,1,458.0,458.02,True,1.0,inferred_single_person_meal,missing,True
base:recipe:piatto-caldo-con-robiola-polenta-e-bietole,base:recipe-version:piatto-caldo-con-robiola-polenta-e-bietole:947164d211cd239d,structured,5,1,422.0,422.02,True,1.0,inferred_single_person_meal,missing,True
base:recipe:piatto-caldo-con-robiola-riso-e-radicchio,base:recipe-version:piatto-caldo-con-robiola-riso-e-radicchio:7bd3a6c9415fe405,structured,5,1,553.8,553.82,True,1.0,inferred_single_person_meal,missing,True
base:recipe:piccola-porzione-di-lupini-e-frutta,base:recipe-version:piccola-porzione-di-lupini-e-frutta:1441081cb6be12f5,structured,2,1,166.3,166.3,True,1.0,inferred_single_person_meal,missing,True
base:recipe:piccola-porzione-di-lupini-e-frutta,base:recipe-version:piccola-porzione-di-lupini-e-frutta:18e647a88a8a62ae,structured,2,1,127.1,127.1,True,1.0,inferred_single_person_meal,missing,True
base:recipe:piccola-porzione-di-lupini-e-frutta,base:recipe-version:piccola-porzione-di-lupini-e-frutta:1b299d173f5668ce,structured,2,1,132.7,132.7,True,1.0,inferred_single_person_meal,missing,True
base:recipe:piccola-porzione-di-lupini-e-frutta,base:recipe-version:piccola-porzione-di-lupini-e-frutta:27a1df3729d2c523,structured,2,1,159.1,159.1,True,1.0,inferred_single_person_meal,missing,True
base:recipe:piccola-porzione-di-lupini-e-frutta,base:recipe-version:piccola-porzione-di-lupini-e-frutta:6a911f595824db87,structured,2,1,120.6,120.6,True,1.0,inferred_single_person_meal,missing,True
base:recipe:piccola-porzione-di-lupini-e-frutta,base:recipe-version:piccola-porzione-di-lupini-e-frutta:c20727b103b43b47,structured,2,1,128.4,128.4,True,1.0,inferred_single_person_meal,missing,True
base:recipe:poke-tiepido-con-salmone-e-bietole,base:recipe-version:poke-tiepido-con-salmone-e-bietole:c50d8dc2771754a4,structured,6,1,464.1,464.14,True,1.0,inferred_single_person_meal,missing,True
base:recipe:poke-tiepido-con-salmone-e-carote,base:recipe-version:poke-tiepido-con-salmone-e-carote:152c9430cb653a85,structured,6,1,497.1,497.14,True,1.0,inferred_single_person_meal,missing,True
base:recipe:poke-tiepido-con-salmone-e-carote,base:recipe-version:poke-tiepido-con-salmone-e-carote:17ef670289008a36,structured,8,1,700.1,700.14,True,1.0,inferred_single_person_meal,missing,True
base:recipe:poke-tiepido-con-salmone-e-carote,base:recipe-version:poke-tiepido-con-salmone-e-carote:38ccf71c2323630b,structured,6,1,425.9,425.94,True,1.0,inferred_single_person_meal,missing,True
base:recipe:poke-tiepido-con-salmone-e-zucca,base:recipe-version:poke-tiepido-con-salmone-e-zucca:aee8bd1aa6f671e1,structured,6,1,456.8,456.84,True,1.0,inferred_single_person_meal,missing,True
base:recipe:pollo-con-patate-e-carciofi,base:recipe-version:pollo-con-patate-e-carciofi:6d2eaaa952c1d950,structured,4,1,435.9,435.94,True,1.0,inferred_single_person_meal,missing,True
base:recipe:pollo-con-patate-e-funghi,base:recipe-version:pollo-con-patate-e-funghi:7cb1d5839f736ddb,structured,4,1,413.9,413.88,True,1.0,inferred_single_person_meal,missing,True
base:recipe:pollo-con-patate-e-spinaci,base:recipe-version:pollo-con-patate-e-spinaci:09c2c9eb05de90c3,structured,4,1,415.7,415.68,True,1.0,inferred_single_person_meal,missing,True
base:recipe:pollo-con-patate-e-spinaci,base:recipe-version:pollo-con-patate-e-spinaci:60e1b4880c2b8295,structured,5,1,754.9,754.88,True,1.0,inferred_single_person_meal,missing,True
base:recipe:pollo-con-polenta-e-zucca,base:recipe-version:pollo-con-polenta-e-zucca:95b4da9b795cd857,structured,4,1,413.7,413.68,True,1.0,inferred_single_person_meal,missing,True
base:recipe:pollo-con-riso-basmati-e-finocchi,base:recipe-version:pollo-con-riso-basmati-e-finocchi:13c773b5cea60d65,structured,4,1,447.2,447.18,True,1.0,inferred_single_person_meal,missing,True
base:recipe:polpette-svedesi-leggere-con-finocchi,base:recipe-version:polpette-svedesi-leggere-con-finocchi:d07cce2ce10dceb3,structured,8,1,498.6,498.57,True,1.0,inferred_single_person_meal,missing,True
base:recipe:polpette-svedesi-leggere-con-finocchi,base:recipe-version:polpette-svedesi-leggere-con-finocchi:ddcab9fe75d5ba64,structured,7,1,502.3,502.32,True,1.0,inferred_single_person_meal,missing,True
base:recipe:polpette-svedesi-leggere-con-finocchi,base:recipe-version:polpette-svedesi-leggere-con-finocchi:ffe2f2ba2ba41e72,structured,8,1,748.2,748.21,True,1.0,inferred_single_person_meal,missing,True
base:recipe:polpette-svedesi-leggere-con-zucca,base:recipe-version:polpette-svedesi-leggere-con-zucca:09ff0cbe36d88784,structured,7,1,507.5,507.51,True,1.0,inferred_single_person_meal,missing,True
base:recipe:polpette-svedesi-leggere-con-zucca,base:recipe-version:polpette-svedesi-leggere-con-zucca:53e18a5007aa66f1,structured,8,1,751.3,751.31,True,1.0,inferred_single_person_meal,missing,True
base:recipe:polpette-svedesi-leggere-con-zucca,base:recipe-version:polpette-svedesi-leggere-con-zucca:dbbd488c534fc81a,structured,7,1,467.9,467.87,True,1.0,inferred_single_person_meal,missing,True
base:recipe:porridge-piccolo-con-frutta-cotta,base:recipe-version:porridge-piccolo-con-frutta-cotta:1538450e6584f491,structured,4,1,340.4,340.42,True,1.0,inferred_single_person_meal,missing,True
base:recipe:porridge-piccolo-con-frutta-cotta,base:recipe-version:porridge-piccolo-con-frutta-cotta:46147f8fc54780e5,structured,4,1,294.7,294.72,True,1.0,inferred_single_person_meal,missing,True
base:recipe:porridge-piccolo-con-frutta-cotta,base:recipe-version:porridge-piccolo-con-frutta-cotta:4eb65512fcd2116f,structured,4,1,302.5,302.52,True,1.0,inferred_single_person_meal,missing,True
base:recipe:porridge-piccolo-con-frutta-cotta,base:recipe-version:porridge-piccolo-con-frutta-cotta:d4000c044e0ed85c,structured,4,1,307.7,307.72,True,1.0,inferred_single_person_meal,missing,True
base:recipe:porridge-piccolo-con-frutta-cotta,base:recipe-version:porridge-piccolo-con-frutta-cotta:f276206b0d53a6b1,structured,4,1,288.2,288.22,True,1.0,inferred_single_person_meal,missing,True
base:recipe:pranzo-leggero-con-merluzzo-pane-e-finocchi,base:recipe-version:pranzo-leggero-con-merluzzo-pane-e-finocchi:560ae55501b9ed95,structured,5,1,393.0,392.96,True,1.0,inferred_single_person_meal,missing,True
base:recipe:pranzo-leggero-con-merluzzo-pane-e-spinaci,base:recipe-version:pranzo-leggero-con-merluzzo-pane-e-spinaci:70170d62e5c2f053,structured,5,1,428.0,427.96,True,1.0,inferred_single_person_meal,missing,True
base:recipe:pranzo-leggero-con-merluzzo-pane-e-zucchine,base:recipe-version:pranzo-leggero-con-merluzzo-pane-e-zucchine:63b7c39ffdf6a5d8,structured,6,1,444.0,443.96,True,1.0,inferred_single_person_meal,missing,True
base:recipe:pranzo-leggero-con-merluzzo-riso-e-funghi,base:recipe-version:pranzo-leggero-con-merluzzo-riso-e-funghi:f54301d61167e559,structured,5,1,422.2,422.16,True,1.0,inferred_single_person_meal,missing,True
base:recipe:pranzo-leggero-con-merluzzo-riso-e-lattuga,base:recipe-version:pranzo-leggero-con-merluzzo-riso-e-lattuga:f2fccd0b2d68ec98,structured,5,1,372.9,372.86,True,1.0,inferred_single_person_meal,missing,True
base:recipe:pranzo-leggero-con-merluzzo-riso-e-sedano-rapa,base:recipe-version:pranzo-leggero-con-merluzzo-riso-e-sedano-rapa:10f30b08e0580860,structured,6,1,484.6,484.56,True,1.0,inferred_single_person_meal,missing,True
base:recipe:pranzo-leggero-con-pollo-patate-e-bietole,base:recipe-version:pranzo-leggero-con-pollo-patate-e-bietole:51f53f0a48ab85d6,structured,6,1,465.3,465.26,True,1.0,inferred_single_person_meal,missing,True
base:recipe:pranzo-leggero-con-pollo-patate-e-fagiolini,base:recipe-version:pranzo-leggero-con-pollo-patate-e-fagiolini:51b326d65f384f25,structured,6,1,422.1,422.06,True,1.0,inferred_single_person_meal,missing,True
base:recipe:pranzo-leggero-con-pollo-patate-e-sedano-rapa,base:recipe-version:pranzo-leggero-con-pollo-patate-e-sedano-rapa:0b95dcb91da7b419,structured,5,1,379.4,379.36,True,1.0,inferred_single_person_meal,missing,True
base:recipe:pranzo-leggero-con-pollo-riso-e-cavolfiore,base:recipe-version:pranzo-leggero-con-pollo-riso-e-cavolfiore:49e323aa10f63151,structured,6,1,447.3,447.26,True,1.0,inferred_single_person_meal,missing,True
base:recipe:pranzo-leggero-con-pollo-riso-e-cavolfiore,base:recipe-version:pranzo-leggero-con-pollo-riso-e-cavolfiore:4b87f1f403d94dda,structured,6,1,457.9,457.86,True,1.0,inferred_single_person_meal,missing,True
base:recipe:pranzo-leggero-con-pollo-riso-e-zucchine,base:recipe-version:pranzo-leggero-con-pollo-riso-e-zucchine:be3c48898181ce93,structured,5,1,348.9,348.86,True,1.0,inferred_single_person_meal,missing,True
base:recipe:pranzo-leggero-con-tacchino-pane-e-fagiolini,base:recipe-version:pranzo-leggero-con-tacchino-pane-e-fagiolini:7f0d78fdb7e3ddb2,structured,5,1,412.8,412.81,True,1.0,inferred_single_person_meal,missing,True
base:recipe:pranzo-leggero-con-tacchino-pane-e-funghi,base:recipe-version:pranzo-leggero-con-tacchino-pane-e-funghi:38bb15f313984032,structured,5,1,384.3,384.26,True,1.0,inferred_single_person_meal,missing,True
base:recipe:pranzo-leggero-con-tacchino-pane-e-spinaci,base:recipe-version:pranzo-leggero-con-tacchino-pane-e-spinaci:b78acd31c8ff180a,structured,5,1,439.0,438.96,True,1.0,inferred_single_person_meal,missing,True
base:recipe:pranzo-leggero-con-tacchino-patate-e-cavolfiore,base:recipe-version:pranzo-leggero-con-tacchino-patate-e-cavolfiore:5c747b342e4ce898,structured,6,1,406.9,406.86,True,1.0,inferred_single_person_meal,missing,True
base:recipe:pranzo-leggero-con-tacchino-patate-e-radicchio,base:recipe-version:pranzo-leggero-con-tacchino-patate-e-radicchio:6c8d2a1c4c29e71c,structured,6,1,408.5,408.46,True,1.0,inferred_single_person_meal,missing,True
base:recipe:pranzo-leggero-con-tacchino-patate-e-spinaci,base:recipe-version:pranzo-leggero-con-tacchino-patate-e-spinaci:0f665cf77535a378,structured,5,1,355.5,355.46,True,1.0,inferred_single_person_meal,missing,True
base:recipe:primosale-e-gallette-di-riso,base:recipe-version:primosale-e-gallette-di-riso:c2e743864218b117,structured,2,18,177.7,177.66,True,1.0,inferred_single_person_meal,missing,True
base:recipe:ricotta-e-frutta,base:recipe-version:ricotta-e-frutta:349f87813a30d26f,structured,2,1,141.4,141.4,True,1.0,inferred_single_person_meal,missing,True
base:recipe:ricotta-e-frutta,base:recipe-version:ricotta-e-frutta:55113038eb8f33ff,structured,2,2,164.3,164.3,True,1.0,inferred_single_person_meal,missing,True
base:recipe:ricotta-e-frutta,base:recipe-version:ricotta-e-frutta:79840a612df588f9,structured,2,3,147.9,147.9,True,1.0,inferred_single_person_meal,missing,True
base:recipe:ricotta-e-frutta,base:recipe-version:ricotta-e-frutta:829fdb82bcf4550d,structured,2,1,149.2,149.2,True,1.0,inferred_single_person_meal,missing,True
base:recipe:ricotta-e-frutta,base:recipe-version:ricotta-e-frutta:b5453d1fd509a598,structured,2,1,154.4,154.4,True,1.0,inferred_single_person_meal,missing,True
base:recipe:ricotta-e-frutta,base:recipe-version:ricotta-e-frutta:e975774931e472a9,structured,2,2,153.5,153.5,True,1.0,inferred_single_person_meal,missing,True
base:recipe:riso-con-crema-di-borlotti-e-sedano-rapa,base:recipe-version:riso-con-crema-di-borlotti-e-sedano-rapa:2da40a245a71862b,structured,6,1,442.4,442.4,True,1.0,inferred_single_person_meal,missing,True
base:recipe:riso-con-crema-di-cannellini-e-bietole,base:recipe-version:riso-con-crema-di-cannellini-e-bietole:4b4091a52cb4608a,structured,5,1,382.2,382.24,True,1.0,inferred_single_person_meal,missing,True
base:recipe:riso-con-crema-di-ceci-e-cavolfiore,base:recipe-version:riso-con-crema-di-ceci-e-cavolfiore:6eb574cb284712ea,structured,6,1,468.6,468.6,True,1.0,inferred_single_person_meal,missing,True
base:recipe:riso-con-crema-di-ceci-e-cavolfiore,base:recipe-version:riso-con-crema-di-ceci-e-cavolfiore:a8da746f76cd5d77,structured,6,1,459.8,459.76,True,1.0,inferred_single_person_meal,missing,True
base:recipe:riso-teriyaki-delicato-con-tacchino-e-carciofi,base:recipe-version:riso-teriyaki-delicato-con-tacchino-e-carciofi:750ad5a8af8f7fdf,structured,6,1,450.3,450.34,True,1.0,inferred_single_person_meal,missing,True
base:recipe:riso-teriyaki-delicato-con-tacchino-e-carciofi,base:recipe-version:riso-teriyaki-delicato-con-tacchino-e-carciofi:c60447a224c2e3c9,structured,6,1,436.2,436.24,True,1.0,inferred_single_person_meal,missing,True
base:recipe:riso-teriyaki-delicato-con-tacchino-e-carciofi,base:recipe-version:riso-teriyaki-delicato-con-tacchino-e-carciofi:ca0b3a9ea09065a5,structured,8,1,730.9,730.94,True,1.0,inferred_single_person_meal,missing,True
base:recipe:riso-teriyaki-delicato-con-tacchino-e-carciofi,base:recipe-version:riso-teriyaki-delicato-con-tacchino-e-carciofi:e4b71ccbec6fce46,structured,6,1,454.3,454.34,True,1.0,inferred_single_person_meal,missing,True
base:recipe:riso-teriyaki-delicato-con-tacchino-e-funghi,base:recipe-version:riso-teriyaki-delicato-con-tacchino-e-funghi:082024a2420476a2,structured,6,1,416.8,416.84,True,1.0,inferred_single_person_meal,missing,True
base:recipe:riso-teriyaki-delicato-con-tacchino-e-melanzane,base:recipe-version:riso-teriyaki-delicato-con-tacchino-e-melanzane:6da7b42882068260,structured,6,1,417.3,417.34,True,1.0,inferred_single_person_meal,missing,True
base:recipe:riso-teriyaki-delicato-con-tacchino-e-melanzane,base:recipe-version:riso-teriyaki-delicato-con-tacchino-e-melanzane:c8d495a18082b006,structured,8,1,729.7,729.74,True,1.0,inferred_single_person_meal,missing,True
base:recipe:riso-teriyaki-delicato-con-tacchino-e-spinaci,base:recipe-version:riso-teriyaki-delicato-con-tacchino-e-spinaci:7ebcf1cfe3de74f2,structured,6,1,420.3,420.34,True,1.0,inferred_single_person_meal,missing,True
base:recipe:risotto-delicato-con-funghi-e-carciofi,base:recipe-version:risotto-delicato-con-funghi-e-carciofi:ea9b50d16e2b76e8,structured,7,1,662.7,662.74,True,1.0,inferred_single_person_meal,missing,True
base:recipe:risotto-delicato-con-funghi-e-carote,base:recipe-version:risotto-delicato-con-funghi-e-carote:f423c15899b3ca32,structured,6,1,449.0,449.04,True,1.0,inferred_single_person_meal,missing,True
base:recipe:risotto-delicato-con-funghi-e-finocchi,base:recipe-version:risotto-delicato-con-funghi-e-finocchi:badfcbab95b55a39,structured,6,1,440.9,440.86,True,1.0,inferred_single_person_meal,missing,True
base:recipe:risotto-delicato-con-funghi-e-sedano-rapa,base:recipe-version:risotto-delicato-con-funghi-e-sedano-rapa:dfe52745bbdb8b1a,structured,6,1,438.2,438.24,True,1.0,inferred_single_person_meal,missing,True
base:recipe:risotto-delicato-con-funghi-e-zucca,base:recipe-version:risotto-delicato-con-funghi-e-zucca:c83ed23823f534c3,structured,6,2,424.4,424.44,True,1.0,inferred_single_person_meal,missing,True
base:recipe:risotto-delicato-con-gamberi-e-fagiolini,base:recipe-version:risotto-delicato-con-gamberi-e-fagiolini:d50853aedadb24c6,structured,5,1,467.7,467.7,True,1.0,inferred_single_person_meal,missing,True
base:recipe:risotto-delicato-con-gamberi-e-finocchi,base:recipe-version:risotto-delicato-con-gamberi-e-finocchi:f9f7c5c8af94dffa,structured,5,2,464.8,464.84,True,1.0,inferred_single_person_meal,missing,True
base:recipe:risotto-delicato-con-gamberi-e-radicchio,base:recipe-version:risotto-delicato-con-gamberi-e-radicchio:0c963a38ab00f4fe,structured,5,1,424.3,424.26,True,1.0,inferred_single_person_meal,missing,True
base:recipe:risotto-delicato-con-gamberi-e-spinaci,base:recipe-version:risotto-delicato-con-gamberi-e-spinaci:49b022ea9c54c14a,structured,5,1,388.7,388.66,True,1.0,inferred_single_person_meal,missing,True
base:recipe:risotto-delicato-con-gamberi-e-zucca,base:recipe-version:risotto-delicato-con-gamberi-e-zucca:4ca778d49fafd80b,structured,6,1,679.5,679.54,True,1.0,inferred_single_person_meal,missing,True
base:recipe:risotto-delicato-con-pollo-e-cavolfiore,base:recipe-version:risotto-delicato-con-pollo-e-cavolfiore:fbd8f5e1e6271c53,structured,5,1,407.2,407.16,True,1.0,inferred_single_person_meal,missing,True
base:recipe:risotto-delicato-con-pollo-e-radicchio,base:recipe-version:risotto-delicato-con-pollo-e-radicchio:f1e5760d15164be8,structured,7,1,697.7,697.74,True,1.0,inferred_single_person_meal,missing,True
base:recipe:risotto-delicato-con-pollo-e-spinaci,base:recipe-version:risotto-delicato-con-pollo-e-spinaci:732bc06dab53b4ef,structured,5,1,448.9,448.94,True,1.0,inferred_single_person_meal,missing,True
base:recipe:risotto-delicato-con-pollo-e-zucca,base:recipe-version:risotto-delicato-con-pollo-e-zucca:6c7d5e7d95593ffe,structured,5,3,451.9,451.94,True,1.0,inferred_single_person_meal,missing,True
base:recipe:risotto-delicato-con-primosale-e-carote,base:recipe-version:risotto-delicato-con-primosale-e-carote:3ff932730a1bad10,structured,7,1,723.0,723.04,True,1.0,inferred_single_person_meal,missing,True
base:recipe:risotto-delicato-con-primosale-e-cavolfiore,base:recipe-version:risotto-delicato-con-primosale-e-cavolfiore:3f8eb30a600af6ea,structured,5,1,489.1,489.14,True,1.0,inferred_single_person_meal,missing,True
base:recipe:risotto-delicato-con-primosale-e-pomodori,base:recipe-version:risotto-delicato-con-primosale-e-pomodori:e1ee16fe31a6d889,structured,6,1,560.0,560.04,True,1.0,inferred_single_person_meal,missing,True
base:recipe:risotto-delicato-con-primosale-e-radicchio,base:recipe-version:risotto-delicato-con-primosale-e-radicchio:1d2d9cb423ef8129,structured,5,1,439.8,439.76,True,1.0,inferred_single_person_meal,missing,True
base:recipe:risotto-delicato-con-primosale-e-radicchio,base:recipe-version:risotto-delicato-con-primosale-e-radicchio:92651735e226d5bf,structured,5,1,486.6,486.6,True,1.0,inferred_single_person_meal,missing,True
base:recipe:risotto-delicato-con-primosale-e-zucchine,base:recipe-version:risotto-delicato-con-primosale-e-zucchine:ab6e3039c5bf6ff7,structured,6,1,510.2,510.2,True,1.0,inferred_single_person_meal,missing,True
base:recipe:risotto-delicato-con-salmone-e-carciofi,base:recipe-version:risotto-delicato-con-salmone-e-carciofi:1ffda40ee6c1e911,structured,6,1,456.7,456.66,True,1.0,inferred_single_person_meal,missing,True
base:recipe:risotto-delicato-con-salmone-e-carciofi,base:recipe-version:risotto-delicato-con-salmone-e-carciofi:8c4fab888f0ce3fa,structured,5,1,455.5,455.46,True,1.0,inferred_single_person_meal,missing,True
base:recipe:risotto-delicato-con-salmone-e-carciofi,base:recipe-version:risotto-delicato-con-salmone-e-carciofi:9706a3fc6988f08a,structured,5,1,437.7,437.66,True,1.0,inferred_single_person_meal,missing,True
base:recipe:risotto-delicato-con-salmone-e-carote,base:recipe-version:risotto-delicato-con-salmone-e-carote:debc30dc70ba9495,structured,5,1,423.2,423.16,True,1.0,inferred_single_person_meal,missing,True
base:recipe:risotto-delicato-con-salmone-e-finocchi,base:recipe-version:risotto-delicato-con-salmone-e-finocchi:afb896dd21be7ba5,structured,7,1,756.3,756.34,True,1.0,inferred_single_person_meal,missing,True
base:recipe:risotto-delicato-con-salmone-e-funghi,base:recipe-version:risotto-delicato-con-salmone-e-funghi:2af3d7d5d32a254d,structured,5,1,495.6,495.64,True,1.0,inferred_single_person_meal,missing,True
base:recipe:risotto-delicato-con-tacchino-e-bietole,base:recipe-version:risotto-delicato-con-tacchino-e-bietole:c1a2c5a25d9f67f8,structured,5,1,421.7,421.66,True,1.0,inferred_single_person_meal,missing,True
base:recipe:risotto-delicato-con-tacchino-e-broccoli,base:recipe-version:risotto-delicato-con-tacchino-e-broccoli:4fe20951105e4cb6,structured,5,1,458.5,458.54,True,1.0,inferred_single_person_meal,missing,True
base:recipe:risotto-delicato-con-tacchino-e-carote,base:recipe-version:risotto-delicato-con-tacchino-e-carote:9d6b19ddb31328f0,structured,5,1,461.3,461.26,True,1.0,inferred_single_person_meal,missing,True
base:recipe:risotto-delicato-con-tacchino-e-carote,base:recipe-version:risotto-delicato-con-tacchino-e-carote:c570d4166dc6e497,structured,5,1,478.9,478.94,True,1.0,inferred_single_person_meal,missing,True
base:recipe:risotto-delicato-con-tacchino-e-zucca,base:recipe-version:risotto-delicato-con-tacchino-e-zucca:ae50dd5e2207bce2,structured,7,1,734.9,734.94,True,1.0,inferred_single_person_meal,missing,True
base:recipe:risotto-delicato-con-tacchino-e-zucchine,base:recipe-version:risotto-delicato-con-tacchino-e-zucchine:439bf425b5eeec2c,structured,5,1,438.1,438.14,True,1.0,inferred_single_person_meal,missing,True
base:recipe:salmone-con-polenta-e-carciofi,base:recipe-version:salmone-con-polenta-e-carciofi:f669043325b6b4ce,structured,5,1,551.1,551.14,True,1.0,inferred_single_person_meal,missing,True
base:recipe:salmone-con-polenta-e-funghi,base:recipe-version:salmone-con-polenta-e-funghi:98ea033f289fe02c,structured,4,1,420.9,420.92,True,1.0,inferred_single_person_meal,missing,True
base:recipe:salmone-con-polenta-e-spinaci,base:recipe-version:salmone-con-polenta-e-spinaci:50caa9014a2d0b85,structured,4,1,422.7,422.72,True,1.0,inferred_single_person_meal,missing,True
base:recipe:salmone-nordico-con-patate-e-broccoli,base:recipe-version:salmone-nordico-con-patate-e-broccoli:3bf06f6c333277ab,structured,5,1,452.4,452.42,True,1.0,inferred_single_person_meal,missing,True
base:recipe:salmone-nordico-con-patate-e-broccoli,base:recipe-version:salmone-nordico-con-patate-e-broccoli:a601c6ff906564f3,structured,5,1,460.1,460.12,True,1.0,inferred_single_person_meal,missing,True
base:recipe:salmone-nordico-con-patate-e-carote,base:recipe-version:salmone-nordico-con-patate-e-carote:acf402ed30a94387,structured,5,1,439.8,439.82,True,1.0,inferred_single_person_meal,missing,True
base:recipe:salmone-nordico-con-patate-e-cavolfiore,base:recipe-version:salmone-nordico-con-patate-e-cavolfiore:3f265b82ad2b2dec,structured,5,1,446.6,446.62,True,1.0,inferred_single_person_meal,missing,True
base:recipe:salmone-nordico-con-patate-e-cavolfiore,base:recipe-version:salmone-nordico-con-patate-e-cavolfiore:a5af330bd4835b4d,structured,5,1,477.4,477.42,True,1.0,inferred_single_person_meal,missing,True
base:recipe:salmone-nordico-con-patate-e-zucca,base:recipe-version:salmone-nordico-con-patate-e-zucca:12ef1495b6cb91b9,structured,5,1,428.9,428.87,True,1.0,inferred_single_person_meal,missing,True
base:recipe:salmone-nordico-con-patate-e-zucca,base:recipe-version:salmone-nordico-con-patate-e-zucca:382f659369edb060,structured,5,1,409.6,409.62,True,1.0,inferred_single_person_meal,missing,True
base:recipe:salmone-nordico-con-patate-e-zucca,base:recipe-version:salmone-nordico-con-patate-e-zucca:c8a1c4ca9ba7579f,structured,7,1,672.0,671.96,True,1.0,inferred_single_person_meal,missing,True
base:recipe:semolino-al-latte-con-frutta,base:recipe-version:semolino-al-latte-con-frutta:684b6cb4fac1d9a6,structured,4,2,341.5,341.5,True,1.0,inferred_single_person_meal,missing,True
base:recipe:semolino-al-latte-con-frutta,base:recipe-version:semolino-al-latte-con-frutta:f9c97b197bd188de,structured,4,1,336.3,336.3,True,1.0,inferred_single_person_meal,missing,True
base:recipe:sgombro-con-pane-bianco-e-pomodori,base:recipe-version:sgombro-con-pane-bianco-e-pomodori:8a722b95679d9c63,structured,5,1,533.2,533.24,True,1.0,inferred_single_person_meal,missing,True
base:recipe:sgombro-con-pane-bianco-e-radicchio,base:recipe-version:sgombro-con-pane-bianco-e-radicchio:62b9443c428c46f1,structured,4,1,399.4,399.42,True,1.0,inferred_single_person_meal,missing,True
base:recipe:sgombro-con-pane-bianco-e-spinaci,base:recipe-version:sgombro-con-pane-bianco-e-spinaci:6968448b5a629ff6,structured,4,1,452.4,452.42,True,1.0,inferred_single_person_meal,missing,True
base:recipe:sogliola-con-riso-e-carote,base:recipe-version:sogliola-con-riso-e-carote:caf0435252af9262,structured,4,1,374.3,374.32,True,1.0,inferred_single_person_meal,missing,True
base:recipe:sogliola-con-riso-e-lattuga,base:recipe-version:sogliola-con-riso-e-lattuga:dad2da960a909df7,structured,4,1,407.4,407.44,True,1.0,inferred_single_person_meal,missing,True
base:recipe:sogliola-con-riso-e-sedano-rapa,base:recipe-version:sogliola-con-riso-e-sedano-rapa:217b6da137397614,structured,4,1,443.4,443.44,True,1.0,inferred_single_person_meal,missing,True
base:recipe:tacchino-con-pane-bianco-e-cavolfiore,base:recipe-version:tacchino-con-pane-bianco-e-cavolfiore:d44a48e0ba0d19a4,structured,4,1,442.4,442.38,True,1.0,inferred_single_person_meal,missing,True
base:recipe:tacchino-con-pane-bianco-e-zucca,base:recipe-version:tacchino-con-pane-bianco-e-zucca:3031ea51c14aa153,structured,4,1,451.7,451.68,True,1.0,inferred_single_person_meal,missing,True
base:recipe:tacchino-con-riso-basmati-e-bietole,base:recipe-version:tacchino-con-riso-basmati-e-bietole:0df19eb374359662,structured,5,1,699.9,699.88,True,1.0,inferred_single_person_meal,missing,True
base:recipe:tacchino-con-riso-basmati-e-bietole,base:recipe-version:tacchino-con-riso-basmati-e-bietole:1209f4be8f816255,structured,4,1,434.9,434.88,True,1.0,inferred_single_person_meal,missing,True
base:recipe:tacchino-con-riso-basmati-e-cavolfiore,base:recipe-version:tacchino-con-riso-basmati-e-cavolfiore:3841d5c167566f43,structured,4,1,385.0,385.02,True,1.0,inferred_single_person_meal,missing,True
base:recipe:tacchino-con-riso-basmati-e-radicchio,base:recipe-version:tacchino-con-riso-basmati-e-radicchio:440c2d054c742a4b,structured,4,2,442.1,442.08,True,1.0,inferred_single_person_meal,missing,True
base:recipe:toast-bianco-con-ricotta-e-confettura,base:recipe-version:toast-bianco-con-ricotta-e-confettura:3dcfa40fb5f04db9,structured,4,2,335.2,335.2,True,1.0,inferred_single_person_meal,missing,True
base:recipe:toast-bianco-con-ricotta-e-confettura,base:recipe-version:toast-bianco-con-ricotta-e-confettura:af4d9ae16aa4329a,structured,4,3,344.2,344.2,True,1.0,inferred_single_person_meal,missing,True
base:recipe:toast-bianco-con-ricotta-e-confettura,base:recipe-version:toast-bianco-con-ricotta-e-confettura:c721af28b9b8a37b,structured,4,2,345.5,345.5,True,1.0,inferred_single_person_meal,missing,True
base:recipe:toast-bianco-con-ricotta-e-confettura,base:recipe-version:toast-bianco-con-ricotta-e-confettura:d94a534f8b20d17e,structured,4,1,341.7,341.7,True,1.0,inferred_single_person_meal,missing,True
base:recipe:toast-bianco-con-ricotta-e-confettura,base:recipe-version:toast-bianco-con-ricotta-e-confettura:f63b55b04be95689,structured,4,1,337.7,337.7,True,1.0,inferred_single_person_meal,missing,True
base:recipe:toast-bianco-con-ricotta-e-confettura,base:recipe-version:toast-bianco-con-ricotta-e-confettura:fd4a18c0525835bf,structured,4,1,350.7,350.7,True,1.0,inferred_single_person_meal,missing,True
base:recipe:toast-con-prosciutto-cotto-e-mozzarella,base:recipe-version:toast-con-prosciutto-cotto-e-mozzarella:650bae86e9bfda69,structured,4,1,397.9,397.85,True,1.0,inferred_single_person_meal,missing,True
base:recipe:toast-con-prosciutto-cotto-e-mozzarella,base:recipe-version:toast-con-prosciutto-cotto-e-mozzarella:9171c6f63934962a,structured,4,1,404.4,404.35,True,1.0,inferred_single_person_meal,missing,True
base:recipe:toast-francese-con-primosale-e-pomodoro,base:recipe-version:toast-francese-con-primosale-e-pomodoro:20d854fd1667f738,structured,4,1,414.3,414.3,True,1.0,inferred_single_person_meal,missing,True
base:recipe:toast-francese-con-primosale-e-pomodoro,base:recipe-version:toast-francese-con-primosale-e-pomodoro:382336a6501c0f23,structured,4,1,425.1,425.1,True,1.0,inferred_single_person_meal,missing,True
base:recipe:toast-francese-con-primosale-e-pomodoro,base:recipe-version:toast-francese-con-primosale-e-pomodoro:8fecd8e4e753cb23,structured,4,1,407.6,407.65,True,1.0,inferred_single_person_meal,missing,True
base:recipe:toast-francese-con-primosale-e-pomodoro,base:recipe-version:toast-francese-con-primosale-e-pomodoro:9f1fd6bc06fbe19c,structured,4,1,403.1,403.1,True,1.0,inferred_single_person_meal,missing,True
base:recipe:toast-francese-con-primosale-e-pomodoro,base:recipe-version:toast-francese-con-primosale-e-pomodoro:a1722c6cb0626b89,structured,4,1,411.9,411.85,True,1.0,inferred_single_person_meal,missing,True
base:recipe:toast-leggero-con-ricotta-e-frutta,base:recipe-version:toast-leggero-con-ricotta-e-frutta:01ec808040d53a6a,structured,3,2,246.6,246.6,True,1.0,inferred_single_person_meal,missing,True
base:recipe:toast-leggero-con-ricotta-e-frutta,base:recipe-version:toast-leggero-con-ricotta-e-frutta:2d8345951932d1ac,structured,3,1,277.8,277.8,True,1.0,inferred_single_person_meal,missing,True
base:recipe:toast-leggero-con-ricotta-e-frutta,base:recipe-version:toast-leggero-con-ricotta-e-frutta:5d606c7d41f7ba13,structured,3,1,253.3,253.35,True,1.0,inferred_single_person_meal,missing,True
base:recipe:toast-leggero-con-ricotta-e-frutta,base:recipe-version:toast-leggero-con-ricotta-e-frutta:c76c7ddc707e77c8,structured,3,1,291.8,291.75,True,1.0,inferred_single_person_meal,missing,True
base:recipe:toast-leggero-con-ricotta-e-frutta,base:recipe-version:toast-leggero-con-ricotta-e-frutta:db1c7df75d9e5742,structured,3,1,247.3,247.35,True,1.0,inferred_single_person_meal,missing,True
base:recipe:tortilla-spagnola-leggera-con-zucchine,base:recipe-version:tortilla-spagnola-leggera-con-zucchine:2e90390923703559,structured,6,1,430.0,430.02,True,1.0,inferred_single_person_meal,missing,True
base:recipe:tortilla-spagnola-leggera-con-zucchine,base:recipe-version:tortilla-spagnola-leggera-con-zucchine:79c67442c19f618f,structured,6,1,441.6,441.57,True,1.0,inferred_single_person_meal,missing,True
base:recipe:tortilla-spagnola-leggera-con-zucchine,base:recipe-version:tortilla-spagnola-leggera-con-zucchine:8e4f2dad094d7dca,structured,6,1,483.9,483.92,True,1.0,inferred_single_person_meal,missing,True
base:recipe:tortilla-spagnola-leggera-con-zucchine,base:recipe-version:tortilla-spagnola-leggera-con-zucchine:939e97fd8a9e0f0d,structured,6,1,426.2,426.17,True,1.0,inferred_single_person_meal,missing,True
base:recipe:tortilla-spagnola-leggera-con-zucchine,base:recipe-version:tortilla-spagnola-leggera-con-zucchine:a462a4a125100c48,structured,6,2,724.5,724.54,True,1.0,inferred_single_person_meal,missing,True
base:recipe:tortilla-spagnola-leggera-con-zucchine,base:recipe-version:tortilla-spagnola-leggera-con-zucchine:b0e5e738cc34b8d2,structured,6,1,437.7,437.72,True,1.0,inferred_single_person_meal,missing,True
base:recipe:tortino-al-forno-di-uova-patate-e-broccoli,base:recipe-version:tortino-al-forno-di-uova-patate-e-broccoli:e7bf75c877964fbe,structured,6,1,770.6,770.55,True,1.0,inferred_single_person_meal,missing,True
base:recipe:tortino-al-forno-di-uova-patate-e-carote,base:recipe-version:tortino-al-forno-di-uova-patate-e-carote:124911724a3abbf1,structured,6,1,663.0,662.95,True,1.0,inferred_single_person_meal,missing,True
base:recipe:tortino-al-forno-di-uova-patate-e-carote,base:recipe-version:tortino-al-forno-di-uova-patate-e-carote:485d4b591a7a77e5,structured,6,1,822.0,821.95,True,1.0,inferred_single_person_meal,missing,True
base:recipe:tortino-al-forno-di-uova-patate-e-funghi,base:recipe-version:tortino-al-forno-di-uova-patate-e-funghi:33d196db1c8daef0,structured,6,1,712.4,712.35,True,1.0,inferred_single_person_meal,missing,True
base:recipe:tortino-al-forno-di-uova-patate-e-spinaci,base:recipe-version:tortino-al-forno-di-uova-patate-e-spinaci:26d21ce067f46e2d,structured,6,1,788.2,788.15,True,1.0,inferred_single_person_meal,missing,True
base:recipe:tortino-al-forno-di-uova-patate-e-zucca,base:recipe-version:tortino-al-forno-di-uova-patate-e-zucca:9362f0f663dd136c,structured,6,1,718.8,718.75,True,1.0,inferred_single_person_meal,missing,True
base:recipe:trota-con-riso-e-broccoli,base:recipe-version:trota-con-riso-e-broccoli:cabee0d8a86538f5,structured,4,1,489.2,489.24,True,1.0,inferred_single_person_meal,missing,True
base:recipe:trota-con-riso-e-cavolfiore,base:recipe-version:trota-con-riso-e-cavolfiore:74a435400eb0a948,structured,4,1,449.2,449.22,True,1.0,inferred_single_person_meal,missing,True
base:recipe:trota-con-riso-e-cavolfiore,base:recipe-version:trota-con-riso-e-cavolfiore:cddc8c375f54093d,structured,4,1,475.7,475.74,True,1.0,inferred_single_person_meal,missing,True
base:recipe:trota-con-riso-e-zucchine,base:recipe-version:trota-con-riso-e-zucchine:36972b50f1b64e38,structured,4,1,451.2,451.16,True,1.0,inferred_single_person_meal,missing,True
base:recipe:uova-strapazzate-pane-bianco-e-frutta,base:recipe-version:uova-strapazzate-pane-bianco-e-frutta:6638580855d72107,structured,4,1,355.0,355.0,True,1.0,inferred_single_person_meal,missing,True
base:recipe:uova-strapazzate-pane-bianco-e-frutta,base:recipe-version:uova-strapazzate-pane-bianco-e-frutta:a839660cc452be4b,structured,4,1,361.5,361.5,True,1.0,inferred_single_person_meal,missing,True
base:recipe:uova-strapazzate-pane-bianco-e-frutta,base:recipe-version:uova-strapazzate-pane-bianco-e-frutta:aad0f082c2429a2a,structured,4,1,350.9,350.9,True,1.0,inferred_single_person_meal,missing,True
base:recipe:uova-strapazzate-pane-bianco-e-frutta,base:recipe-version:uova-strapazzate-pane-bianco-e-frutta:b3168f70b4000f23,structured,4,1,368.0,368.0,True,1.0,inferred_single_person_meal,missing,True
base:recipe:uova-strapazzate-pane-bianco-e-frutta,base:recipe-version:uova-strapazzate-pane-bianco-e-frutta:df0406801e311ac0,structured,4,1,354.0,354.0,True,1.0,inferred_single_person_meal,missing,True
base:recipe:uova-strapazzate-pane-bianco-e-frutta,base:recipe-version:uova-strapazzate-pane-bianco-e-frutta:e6f53c3cac84cfbc,structured,4,2,348.5,348.5,True,1.0,inferred_single_person_meal,missing,True
base:recipe:uova-strapazzate-pane-bianco-e-frutta,base:recipe-version:uova-strapazzate-pane-bianco-e-frutta:f66f59f30a1a4190,structured,4,2,362.8,362.8,True,1.0,inferred_single_person_meal,missing,True
base:recipe:uovo-sodo-e-crackers,base:recipe-version:uovo-sodo-e-crackers:b92d407cf54f5e44,structured,2,13,148.9,148.9,True,1.0,inferred_single_person_meal,missing,True
base:recipe:wrap-con-prosciutto-cotto-primosale-e-zucca,base:recipe-version:wrap-con-prosciutto-cotto-primosale-e-zucca:5dba1a9f007b5f8c,structured,4,1,435.8,435.75,True,1.0,inferred_single_person_meal,missing,True
base:recipe:wrap-con-prosciutto-cotto-robiola-e-radicchio,base:recipe-version:wrap-con-prosciutto-cotto-robiola-e-radicchio:8725dcd1b480bcf7,structured,4,1,484.2,484.25,True,1.0,inferred_single_person_meal,missing,True
base:recipe:wrap-morbido-con-pollo-primosale-e-bietole,base:recipe-version:wrap-morbido-con-pollo-primosale-e-bietole:6bf1f86e7d657087,structured,5,1,511.1,511.1,True,1.0,inferred_single_person_meal,missing,True
base:recipe:wrap-morbido-con-pollo-primosale-e-cavolfiore,base:recipe-version:wrap-morbido-con-pollo-primosale-e-cavolfiore:bcd3218b8900d878,structured,5,1,411.6,411.6,True,1.0,inferred_single_person_meal,missing,True
base:recipe:wrap-morbido-con-pollo-primosale-e-radicchio,base:recipe-version:wrap-morbido-con-pollo-primosale-e-radicchio:490d12d3cb4db91f,structured,5,1,486.1,486.1,True,1.0,inferred_single_person_meal,missing,True
base:recipe:wrap-morbido-con-pollo-primosale-e-radicchio,base:recipe-version:wrap-morbido-con-pollo-primosale-e-radicchio:aab15f7c9af063bd,structured,6,1,760.9,760.9,True,1.0,inferred_single_person_meal,missing,True
base:recipe:wrap-morbido-con-pollo-primosale-e-radicchio,base:recipe-version:wrap-morbido-con-pollo-primosale-e-radicchio:f5266f2855084edf,structured,5,1,470.6,470.6,True,1.0,inferred_single_person_meal,missing,True
base:recipe:wrap-morbido-con-pollo-primosale-e-spinaci,base:recipe-version:wrap-morbido-con-pollo-primosale-e-spinaci:31375e66eb4c553f,structured,5,1,517.1,517.1,True,1.0,inferred_single_person_meal,missing,True
base:recipe:wrap-morbido-con-pollo-primosale-e-spinaci,base:recipe-version:wrap-morbido-con-pollo-primosale-e-spinaci:43afd079740a1328,structured,5,1,486.1,486.1,True,1.0,inferred_single_person_meal,missing,True
base:recipe:wrap-morbido-con-pollo-primosale-e-spinaci,base:recipe-version:wrap-morbido-con-pollo-primosale-e-spinaci:eb2a07f2671578f3,structured,5,1,470.6,470.6,True,1.0,inferred_single_person_meal,missing,True
base:recipe:yogurt-bianco-corn-flakes-e-banana,base:recipe-version:yogurt-bianco-corn-flakes-e-banana:6ba3d2479e91774a,structured,4,7,337.4,337.4,True,1.0,inferred_single_person_meal,missing,True
base:recipe:yogurt-bianco-corn-flakes-e-frutta,base:recipe-version:yogurt-bianco-corn-flakes-e-frutta:16e276c270d9e192,structured,3,1,241.2,241.2,True,1.0,inferred_single_person_meal,missing,True
base:recipe:yogurt-bianco-corn-flakes-e-frutta,base:recipe-version:yogurt-bianco-corn-flakes-e-frutta:8bd9d43e7adbdeed,structured,3,1,250.8,250.8,True,1.0,inferred_single_person_meal,missing,True
base:recipe:yogurt-bianco-corn-flakes-e-frutta,base:recipe-version:yogurt-bianco-corn-flakes-e-frutta:bfd6dccd07b87561,structured,3,2,274.8,274.8,True,1.0,inferred_single_person_meal,missing,True
base:recipe:yogurt-bianco-corn-flakes-e-frutta,base:recipe-version:yogurt-bianco-corn-flakes-e-frutta:c0ae1fc279e4587a,structured,3,1,231.6,231.6,True,1.0,inferred_single_person_meal,missing,True
base:recipe:yogurt-bianco-corn-flakes-e-frutta,base:recipe-version:yogurt-bianco-corn-flakes-e-frutta:db08b69389ae404c,structured,3,1,224.4,224.4,True,1.0,inferred_single_person_meal,missing,True
base:recipe:yogurt-bianco-e-banana,base:recipe-version:yogurt-bianco-e-banana:047824242ce72a93,structured,2,9,158.9,158.85,True,1.0,inferred_single_person_meal,missing,True
